alcohol,malic_acid,ash,alcalinity_of_ash,magnesium,total_phenols,flavanoids,nonflavanoid_phenols,proanthocyanins,color_intensity,hue,od280/od315_of_diluted_wines,proline,target
12.67,1.83,2.27,21.2,97.0,2.88,3.45,0.33,1.87,3.553654,1.38,3.82,778.0,0
12.86,2.39,2.41,22.9,89.0,2.5,1.87,0.45,1.59,4.469462,0.896,1.65,299.0,2
14.11,2.3,2.3,15.9,96.0,2.41,0.75,0.47,1.92,9.111356,1.015,1.8,998.0,0
12.44,1.35,2.14,19.4,80.0,2.48,1.98,0.37,1.57,2.155922,1.106,2.85,397.0,1
13.75,2.51,2.28,16.9,114.0,1.43,0.63,0.37,0.87,4.165241,0.92,1.96,457.0,2
11.92,2.06,2.05,17.7,106.0,1.78,0.64,0.46,1.44,9.594757,0.758,1.3,509.0,1
12.62,3.33,2.05,25.1,81.0,1.79,0.73,0.49,1.51,5.563792,0.813,1.64,395.0,1
12.7,1.0,1.86,21.0,103.0,1.6,0.69,0.27,1.35,3.593497,0.713,1.3,674.0,1
13.92,1.52,2.42,20.2,118.0,2.87,4.61,0.16,1.39,2.308139,1.161,3.57,1039.0,2
13.35,0.99,2.8,20.9,100.0,1.95,1.98,0.47,1.24,7.042746,1.139,3.01,1210.0,0
14.31,4.73,2.56,16.8,120.0,2.54,3.26,0.36,2.35,8.912481,1.026,2.09,1466.0,0
11.59,2.68,1.72,20.1,113.0,1.52,1.48,0.33,1.51,3.690863,0.882,1.5,290.0,1
12.81,3.47,2.22,20.3,84.0,2.18,3.38,0.21,1.64,5.776312,0.862,3.9,376.0,1
13.82,1.65,2.21,14.8,103.0,2.72,2.2,0.3,2.1,3.345046,1.127,3.75,1222.0,1
14.35,4.92,2.25,13.2,81.0,2.46,0.71,0.53,1.2,5.856142,0.747,2.12,1237.0,0
12.63,4.83,2.0,18.2,91.0,1.12,0.51,0.4,1.23,2.949263,0.86,1.63,332.0,1
12.9,1.66,2.06,10.7,96.0,2.07,1.73,0.29,1.82,3.548247,0.803,2.78,819.0,1
13.94,3.08,2.31,23.9,116.0,1.37,0.56,0.44,1.57,9.758419,0.784,1.34,1113.0,2
13.14,1.15,2.39,19.8,109.0,2.08,2.2,0.27,1.91,5.032458,1.353,2.68,1229.0,2
11.82,1.68,2.55,22.9,102.0,3.52,4.36,0.29,2.3,4.423146,0.85,3.19,618.0,1
13.41,3.37,2.69,20.7,98.0,2.22,0.81,0.5,1.02,10.725366,0.748,1.5,887.0,0
13.32,1.9,2.05,19.7,112.0,2.44,1.8,0.35,1.81,7.080854,0.917,2.31,548.0,2
13.64,1.69,2.31,20.7,105.0,2.42,2.01,0.4,1.76,4.583908,0.856,3.2,599.0,1
14.49,3.28,2.11,16.4,79.0,2.73,1.38,0.29,1.56,8.425724,0.816,3.43,1363.0,0
12.1,1.1,2.4,21.2,83.0,1.78,1.24,0.5,1.52,2.41652,1.003,1.7,343.0,1
14.54,3.04,2.34,18.0,98.0,1.44,0.86,0.34,1.14,11.350771,0.672,2.47,879.0,0
13.98,2.27,2.52,19.0,121.0,3.12,1.01,0.3,1.92,6.160654,0.956,2.51,887.0,0
14.26,2.83,2.19,15.8,99.0,2.72,2.15,0.34,1.85,8.281657,0.885,2.27,1204.0,0
13.26,4.7,2.49,17.7,93.0,2.35,2.33,0.52,1.62,7.978467,0.689,2.77,1173.0,0
12.9,0.9,2.57,19.6,106.0,2.57,1.36,0.24,1.79,5.50901,1.062,2.79,761.0,2
14.47,4.06,2.55,16.9,106.0,1.24,0.62,0.53,1.57,9.452535,1.1,2.09,1266.0,2
14.5,2.37,3.15,19.4,106.0,3.31,3.04,0.3,1.91,6.18811,0.914,3.85,952.0,0
14.24,0.99,2.42,18.2,107.0,3.69,2.82,0.16,2.37,4.212471,1.061,3.19,1334.0,0
11.34,5.18,2.89,30.0,83.0,1.91,1.54,0.59,1.37,3.357687,0.722,1.76,281.0,1
12.11,0.93,2.66,22.4,95.0,2.35,1.34,0.3,1.3,3.431662,0.95,1.7,370.0,1
13.14,1.49,2.6,18.2,114.0,3.36,3.64,0.26,2.34,8.399878,0.984,2.61,935.0,1
11.55,2.32,2.66,28.9,85.0,1.32,0.6,0.31,1.25,2.620904,0.748,1.62,364.0,1
13.02,0.96,2.42,15.3,109.0,2.91,2.94,0.17,1.72,2.369497,1.136,3.57,654.0,2
13.36,1.74,2.68,19.6,96.0,3.11,4.33,0.23,2.27,6.563689,1.198,3.88,1233.0,1
12.11,1.56,2.64,21.5,97.0,2.4,1.56,0.39,1.58,2.815769,1.109,2.55,795.0,2
13.21,0.9,2.28,18.0,115.0,3.17,4.62,0.22,2.11,4.45684,1.536,3.84,916.0,2
13.95,2.31,2.29,20.2,114.0,1.93,0.53,0.33,1.34,8.466259,0.695,1.6,1051.0,1
12.65,4.8,1.9,21.2,87.0,2.07,0.98,0.54,1.07,3.173217,0.782,1.44,407.0,1
12.3,1.74,2.16,23.1,111.0,2.54,2.09,0.3,1.91,4.42172,0.925,2.52,790.0,1
13.18,1.37,2.56,28.1,85.0,1.17,0.8,0.54,1.72,9.624906,0.579,1.81,456.0,1
12.75,1.14,2.73,21.9,136.0,2.95,2.85,0.19,1.43,5.011395,0.914,2.62,874.0,0
13.57,2.77,2.61,21.7,105.0,2.09,0.74,0.34,1.25,3.482871,1.001,1.52,660.0,0
13.01,1.79,1.91,16.2,86.0,2.34,1.26,0.27,1.87,6.347452,0.855,1.93,1113.0,2
13.01,1.03,2.21,18.3,83.0,2.57,2.63,0.31,1.55,4.736055,1.004,3.07,561.0,0
13.36,1.26,2.36,17.7,110.0,2.47,3.97,0.5,2.07,7.024911,1.099,2.38,625.0,0
13.72,1.47,2.57,15.6,96.0,2.82,1.82,0.46,1.41,7.29731,0.722,2.85,1066.0,0
14.7,1.2,2.32,13.9,109.0,2.37,3.21,0.3,1.88,8.452591,0.845,3.16,1628.0,0
13.36,4.29,2.6,26.7,99.0,3.0,2.02,0.38,1.46,6.523164,0.703,1.9,372.0,2
14.41,3.05,2.26,17.7,96.0,1.66,0.69,0.5,1.41,5.765229,1.145,1.7,577.0,0
13.75,0.92,2.82,18.2,122.0,3.2,2.6,0.14,1.93,7.598613,0.867,2.53,1291.0,0
11.67,2.36,1.94,19.7,92.0,2.33,1.54,0.38,1.47,2.096493,1.429,3.85,458.0,1
13.41,0.96,2.39,14.6,108.0,2.3,1.14,0.3,1.36,5.248379,1.151,2.36,1285.0,2
12.39,2.19,2.28,16.9,94.0,1.58,1.34,0.37,0.97,3.635556,0.92,3.44,310.0,2
13.65,4.22,2.42,16.7,95.0,2.8,3.09,0.57,1.93,10.128656,0.886,2.74,1080.0,0
13.84,3.99,2.42,17.0,93.0,1.58,1.01,0.32,1.58,6.203768,0.662,1.56,1014.0,2
14.35,1.24,2.52,17.6,132.0,2.05,2.39,0.5,1.36,7.169275,0.94,2.98,991.0,0
13.77,5.15,2.71,19.5,100.0,1.3,0.48,0.46,1.5,8.217675,0.545,1.32,1268.0,0
12.95,3.52,2.09,17.9,104.0,2.45,1.86,0.35,2.0,4.09689,1.118,2.65,344.0,1
13.36,1.02,2.27,18.7,101.0,3.55,3.29,0.34,2.25,4.454,1.306,3.99,1094.0,2
12.44,4.98,2.69,26.9,87.0,1.64,0.69,0.66,1.15,6.351469,0.608,1.83,324.0,1
12.95,2.6,2.03,22.9,77.0,1.81,0.82,0.38,1.38,4.639218,1.149,1.95,298.0,1
13.04,1.5,2.07,17.8,102.0,2.25,1.7,0.2,2.1,2.612066,1.254,2.96,824.0,2
11.76,1.76,2.42,26.7,97.0,1.32,0.59,0.51,1.47,4.037925,0.56,1.76,344.0,1
11.86,1.94,1.96,17.2,87.0,1.39,1.15,0.32,1.02,2.187931,0.979,2.67,420.0,2
12.13,1.46,2.05,17.2,98.0,2.63,1.18,0.27,1.7,3.176531,1.29,3.44,419.0,1
12.1,1.66,2.25,20.6,94.0,1.79,1.3,0.39,1.49,2.372369,1.171,2.16,625.0,1
12.99,1.36,2.54,21.8,82.0,2.03,0.76,0.59,1.13,3.568341,0.899,1.92,484.0,1
13.7,4.15,2.92,20.8,127.0,2.71,3.35,0.24,2.27,9.160138,0.777,3.42,1531.0,0
13.08,2.87,2.28,21.1,116.0,2.41,1.94,0.18,1.87,4.955914,0.738,2.78,595.0,0
13.46,2.82,2.47,20.8,103.0,2.26,1.23,0.51,1.67,5.426709,1.071,2.89,462.0,1
12.39,5.62,2.52,26.9,93.0,1.99,0.87,0.57,1.35,10.599426,0.6,1.48,336.0,0
13.85,1.64,2.37,17.8,114.0,2.47,2.9,0.34,1.38,9.085722,0.79,2.11,787.0,0
12.23,3.87,2.46,23.7,89.0,2.32,0.63,0.53,1.82,4.703752,0.548,1.31,339.0,1
12.13,0.97,2.13,19.3,109.0,2.22,2.33,0.32,1.7,3.707302,1.186,1.47,308.0,2
13.24,3.32,2.75,19.9,135.0,2.98,2.73,0.21,1.62,4.640459,1.097,3.38,964.0,1
13.31,3.7,2.33,20.3,102.0,2.07,1.93,0.21,2.15,2.803477,0.987,3.3,1224.0,1
11.93,1.41,2.09,19.1,85.0,2.92,2.69,0.41,1.63,2.539745,1.109,2.93,309.0,1
12.67,3.33,2.06,19.0,94.0,1.5,0.74,0.53,1.16,4.205136,0.539,1.4,284.0,1
11.81,1.41,2.01,20.5,74.0,2.14,1.27,0.35,1.48,1.930401,1.022,2.78,337.0,1
12.85,2.13,2.03,20.2,116.0,1.97,1.82,0.26,1.6,4.943721,0.861,2.69,417.0,2
14.42,2.97,2.98,23.8,105.0,2.75,1.38,0.32,1.82,10.65558,0.854,3.16,1059.0,0
14.14,1.94,2.85,21.6,84.0,2.75,2.62,0.46,1.4,3.002129,1.344,3.48,677.0,0
11.84,1.34,2.61,29.4,101.0,1.17,0.51,0.43,0.85,3.603319,0.6,1.27,414.0,1
14.47,4.71,2.69,19.9,111.0,3.49,1.33,0.29,1.6,9.149769,0.947,2.11,883.0,0
11.96,1.28,2.47,24.0,82.0,2.6,3.33,0.26,2.17,2.217631,1.058,3.65,333.0,1
13.98,1.45,2.72,22.1,100.0,2.93,1.51,0.34,1.75,5.773329,0.886,3.14,1104.0,0
13.05,1.31,2.34,17.8,84.0,2.08,1.19,0.44,1.07,6.157703,0.996,2.13,418.0,1
12.32,3.14,2.58,21.0,119.0,2.25,2.2,0.42,1.88,3.44244,1.013,2.89,791.0,2
14.11,3.91,2.29,17.7,104.0,1.97,1.23,0.31,1.65,6.536961,0.717,2.44,980.0,0
13.79,4.28,2.39,22.4,90.0,2.36,2.09,0.45,1.88,3.276401,0.761,2.6,1071.0,0
13.22,1.45,2.36,21.9,89.0,2.06,3.08,0.25,1.44,4.309763,1.204,3.71,447.0,1
12.97,2.38,2.46,22.0,96.0,1.73,0.7,0.53,1.27,4.83895,0.751,1.45,499.0,1
13.68,1.8,2.33,16.1,121.0,1.78,1.69,0.37,1.15,2.757548,0.954,3.02,730.0,0
13.61,2.57,3.18,22.2,156.0,2.98,2.01,0.42,1.66,4.711321,1.362,3.65,562.0,0
13.94,3.2,2.54,21.9,115.0,3.54,3.28,0.14,2.02,3.213197,0.903,2.96,1168.0,0
11.95,2.6,2.45,24.8,87.0,2.0,1.32,0.33,1.96,5.78699,0.929,2.88,537.0,1
13.8,5.46,2.66,23.4,97.0,1.91,2.09,0.36,1.72,3.057065,0.829,2.61,1102.0,0
13.76,3.72,2.09,17.7,97.0,1.77,0.89,0.19,1.51,7.037002,1.12,1.62,983.0,2
13.04,1.03,2.47,19.4,76.0,1.96,1.95,0.52,1.49,2.945937,1.207,3.19,720.0,2
14.16,4.16,2.45,15.9,116.0,2.8,2.59,0.23,1.4,5.879156,0.776,3.37,827.0,0
12.06,0.89,2.24,20.6,84.0,2.91,1.65,0.25,1.5,1.923414,1.402,3.26,333.0,1
13.48,1.15,2.75,19.2,117.0,3.16,4.81,0.34,1.59,8.681668,1.13,3.43,1588.0,0
14.18,1.77,2.21,18.5,127.0,2.76,1.51,0.19,1.64,6.337451,0.952,3.26,594.0,0
13.79,1.65,2.77,24.1,99.0,1.61,0.83,0.32,1.39,6.660262,0.542,1.32,592.0,2
13.3,1.97,2.29,17.4,98.0,2.41,0.87,0.43,1.46,5.984395,0.952,2.41,825.0,0
12.8,2.05,1.94,17.6,86.0,2.59,1.31,0.2,1.45,2.846974,1.162,3.01,330.0,2
13.48,1.25,2.51,21.4,80.0,3.16,3.73,0.41,1.55,5.441775,1.071,3.69,893.0,2
14.72,2.56,2.28,17.8,107.0,2.58,1.0,0.33,1.52,7.402822,1.088,2.35,1510.0,0
13.59,2.66,2.05,23.5,107.0,1.22,0.63,0.34,0.8,5.368053,0.797,2.06,383.0,2
12.9,2.39,2.42,25.0,121.0,2.61,2.09,0.4,1.68,7.147472,0.588,1.84,862.0,1
12.55,1.5,2.34,23.1,85.0,3.07,2.44,0.31,2.06,3.545833,0.89,3.32,388.0,1
13.04,1.39,2.32,21.6,79.0,2.44,0.93,0.63,1.51,3.240052,1.115,1.84,783.0,2
13.6,2.76,2.38,15.9,89.0,2.95,2.43,0.31,1.86,3.955046,1.009,3.43,677.0,0
11.89,0.93,2.19,14.9,94.0,3.35,3.78,0.17,2.08,5.243937,1.162,3.0,438.0,0
14.06,3.84,2.49,20.9,84.0,2.39,1.66,0.58,1.82,5.124178,1.113,2.9,641.0,2
12.46,3.6,2.14,21.6,82.0,2.17,1.47,0.4,2.16,9.628361,0.639,2.34,381.0,1
12.85,1.08,2.56,17.3,115.0,3.47,3.57,0.16,1.8,4.326581,1.217,3.93,1255.0,0
13.55,3.6,2.24,17.3,108.0,1.8,0.51,0.27,1.4,7.566915,0.819,1.39,1095.0,0
13.05,1.0,2.04,17.3,85.0,2.36,2.73,0.33,1.32,4.800374,0.707,3.36,645.0,1
12.14,1.88,2.48,20.4,108.0,1.85,1.44,0.38,1.3,4.487349,0.552,2.03,359.0,1
13.47,1.06,2.97,25.1,97.0,2.61,2.41,0.55,1.68,7.525959,0.808,2.51,1115.0,0
12.82,3.08,2.39,23.7,100.0,2.32,1.72,0.43,2.04,3.402005,0.928,2.23,774.0,1
14.32,3.72,2.39,16.5,105.0,1.57,0.61,0.43,1.42,10.599307,0.565,1.38,1172.0,0
14.42,4.8,1.87,11.1,98.0,2.39,0.51,0.52,1.34,7.586911,0.971,1.41,903.0,2
13.92,1.14,2.24,14.4,115.0,3.88,4.39,0.17,2.5,5.348557,1.407,3.97,1373.0,0
14.02,2.91,2.58,19.1,108.0,2.96,1.48,0.28,1.94,3.565745,0.875,3.51,823.0,2
12.29,3.65,2.16,18.6,80.0,1.7,0.87,0.58,1.2,3.684027,0.67,2.17,289.0,1
13.8,5.2,2.63,19.9,89.0,1.69,0.64,0.63,1.16,8.23732,0.774,1.38,579.0,2
14.04,3.3,2.64,21.2,117.0,2.1,0.83,0.52,1.36,7.868473,0.828,1.5,681.0,0
12.52,4.73,2.09,23.0,91.0,1.25,0.48,0.29,1.68,4.310077,0.789,1.33,629.0,1
11.87,1.78,2.42,17.9,103.0,2.04,1.49,0.31,1.47,2.132908,1.243,3.42,567.0,1
12.46,1.25,2.32,19.5,80.0,2.14,1.41,0.56,1.32,4.73696,0.783,1.88,403.0,2
13.67,4.79,2.2,19.9,111.0,2.32,3.01,0.23,1.68,6.942732,1.076,2.88,1213.0,0
13.66,1.61,2.32,17.7,93.0,2.52,1.62,0.34,1.5,4.180192,1.397,2.03,814.0,0
12.89,2.31,2.6,24.6,87.0,1.5,1.59,0.23,1.42,5.411067,0.928,2.46,633.0,2
13.46,3.33,2.7,22.8,104.0,1.92,1.34,0.27,1.94,8.389428,0.723,1.7,433.0,2
11.7,1.35,2.11,20.2,87.0,3.06,2.24,0.34,1.61,1.820419,1.224,3.0,300.0,1
12.96,3.94,2.02,21.2,84.0,2.31,1.43,0.55,1.68,5.276609,0.603,1.72,320.0,1
13.31,4.15,2.38,23.7,99.0,2.89,2.61,0.24,1.66,5.309434,0.793,3.06,1001.0,2
13.9,3.11,2.79,18.0,95.0,3.22,1.88,0.51,1.58,6.085666,0.975,2.09,716.0,0
13.02,4.5,2.11,18.7,73.0,1.27,0.77,0.49,1.48,3.585445,0.85,2.95,547.0,1
12.16,3.14,1.9,19.6,94.0,1.54,0.98,0.31,1.53,2.707804,1.007,2.62,345.0,1
14.02,1.11,2.8,17.4,129.0,3.21,3.52,0.27,1.72,9.097649,1.19,3.91,1396.0,0
13.78,1.03,2.31,13.7,110.0,2.14,2.04,0.33,1.18,4.132145,1.163,2.75,1023.0,0
11.7,1.51,2.04,20.2,91.0,1.37,0.73,0.42,0.88,1.849943,0.898,2.25,323.0,1
11.03,1.61,2.64,24.1,94.0,1.68,1.0,0.53,0.95,1.984714,1.37,1.36,298.0,1
13.94,4.41,2.41,16.2,107.0,1.71,1.13,0.51,1.63,8.233935,0.709,1.95,1000.0,2
13.5,1.36,2.6,20.9,101.0,2.76,1.98,0.4,2.4,6.995096,0.841,2.75,1376.0,0
14.39,4.69,2.73,17.2,102.0,3.38,4.0,0.44,2.22,8.040168,0.907,3.56,1509.0,0
11.84,2.37,2.33,23.0,84.0,1.65,0.84,0.39,1.55,2.3341,0.786,3.03,369.0,1
13.41,4.51,2.57,16.8,110.0,2.67,1.42,0.44,1.89,3.952213,0.868,2.72,799.0,1
12.16,0.92,2.39,19.5,102.0,3.28,3.46,0.26,1.85,2.704061,1.285,3.39,641.0,1
12.29,0.9,2.29,15.1,122.0,2.62,2.15,0.39,1.7,4.943099,1.081,3.63,1047.0,2
13.29,0.89,2.23,15.2,102.0,3.88,4.87,0.15,2.15,4.773923,1.533,3.83,1519.0,0
13.57,1.53,2.37,17.2,100.0,2.8,2.56,0.56,1.68,2.700051,1.391,3.73,894.0,1
12.32,1.36,2.7,22.1,87.0,2.29,2.75,0.29,1.5,3.496541,0.789,2.78,357.0,1
12.45,1.49,2.39,20.1,100.0,1.65,0.78,0.4,1.47,3.872514,1.037,2.23,746.0,1
12.06,1.16,2.38,25.1,105.0,3.32,3.53,0.2,2.49,2.074024,1.006,3.85,620.0,1
13.14,2.15,2.68,19.8,138.0,1.49,0.64,0.46,1.1,11.491995,0.828,1.3,1190.0,0
14.0,3.41,2.87,27.6,106.0,1.6,0.99,0.34,1.07,7.772264,0.614,1.38,568.0,2
11.81,1.35,2.51,21.2,113.0,2.84,2.45,0.41,1.77,5.510826,0.893,2.02,1001.0,1
11.56,1.31,2.34,17.9,96.0,3.25,1.94,0.27,1.73,2.992669,0.839,3.33,468.0,1
12.96,2.85,2.63,22.8,116.0,2.07,1.74,0.27,1.83,4.843427,0.946,3.38,332.0,1
14.29,1.94,2.31,17.7,99.0,3.12,2.46,0.33,1.94,9.070976,1.018,1.93,1086.0,2
11.64,1.99,2.14,23.1,97.0,1.53,1.18,0.52,1.48,3.526864,1.029,1.71,297.0,1
13.04,1.67,2.56,20.6,89.0,2.5,2.08,0.39,1.83,3.466883,0.768,2.45,870.0,2
13.63,1.75,2.81,26.7,108.0,1.86,1.59,0.39,1.87,8.155907,0.803,2.14,762.0,0
12.57,2.79,2.87,23.3,125.0,1.58,1.11,0.38,1.67,3.308817,1.176,2.01,411.0,1
13.3,3.38,2.24,17.4,94.0,3.77,4.6,0.22,2.26,6.173653,1.047,3.86,1075.0,0
13.19,0.92,2.27,21.6,97.0,2.17,2.63,0.17,1.74,5.181293,0.973,2.59,650.0,1
12.73,2.04,2.06,12.4,99.0,2.38,0.87,0.25,1.66,2.258255,1.061,3.12,770.0,1
13.16,1.78,2.25,19.1,87.0,3.0,2.5,0.39,1.82,4.676444,0.695,2.44,558.0,1
13.63,2.91,2.51,20.8,86.0,2.1,0.84,0.32,1.27,5.184518,0.834,2.14,1029.0,0
12.81,0.98,2.39,21.1,101.0,2.62,2.55,0.5,1.84,5.669617,0.97,2.24,607.0,1
12.48,1.0,1.93,15.3,84.0,2.93,3.51,0.23,2.19,2.626054,0.939,3.46,391.0,1
12.49,1.6,2.2,18.6,112.0,2.26,2.4,0.2,1.92,4.105817,0.951,2.05,634.0,2
13.02,0.9,2.61,18.8,124.0,3.41,4.3,0.19,2.12,4.88038,1.375,3.9,1096.0,2
12.97,2.81,2.62,17.3,107.0,2.43,2.12,0.4,1.87,5.837286,0.995,2.43,1294.0,0
13.85,2.53,2.77,21.4,139.0,3.0,3.12,0.33,2.3,5.452114,1.107,3.46,1154.0,0
14.58,3.38,2.7,14.1,119.0,3.28,1.82,0.21,2.16,8.6642,0.67,1.84,1470.0,0
12.79,1.12,2.51,19.1,111.0,2.38,2.83,0.41,1.27,2.442635,1.174,3.01,1321.0,1
12.6,3.27,1.98,18.7,112.0,1.65,0.54,0.41,0.95,2.623428,0.799,1.72,613.0,1
13.59,0.99,2.57,16.8,105.0,3.3,3.43,0.33,1.92,7.763266,0.81,2.46,869.0,1
12.11,0.94,2.66,17.7,124.0,2.15,2.07,0.19,1.22,2.763633,1.003,2.58,365.0,0
12.06,1.65,1.98,16.8,79.0,1.66,2.15,0.22,1.54,3.258145,0.88,2.69,420.0,1
13.25,2.66,2.28,15.5,100.0,1.93,1.1,0.43,1.14,7.20843,0.715,1.86,798.0,0
12.52,2.58,1.94,18.9,83.0,1.81,1.23,0.39,1.3,2.447525,1.162,3.04,385.0,1
13.56,3.72,2.17,19.7,109.0,1.8,1.45,0.21,1.41,8.11548,0.705,1.83,832.0,0
13.77,4.24,2.24,18.0,95.0,1.89,0.85,0.48,1.5,4.390031,1.081,1.82,1229.0,0
11.74,2.89,2.19,21.0,83.0,1.76,1.56,0.31,1.57,2.050807,1.352,3.28,316.0,2
12.31,1.17,2.09,15.7,75.0,1.42,0.72,0.45,1.0,3.263974,0.934,2.84,351.0,2
13.04,1.99,2.43,15.5,115.0,2.22,2.27,0.26,2.09,5.320485,1.414,3.23,1071.0,0
14.1,1.44,2.33,18.3,94.0,2.3,2.89,0.28,2.07,8.965621,0.778,2.19,1051.0,0
12.1,1.73,2.24,18.4,90.0,1.87,1.08,0.38,1.61,2.217871,1.02,2.51,585.0,0
12.98,3.72,2.68,20.6,87.0,2.49,2.34,0.33,1.82,2.362256,1.496,3.78,883.0,2
12.08,4.41,2.46,20.9,109.0,3.2,1.58,0.48,1.58,3.414912,0.785,3.04,646.0,2
12.32,1.25,2.56,12.9,149.0,3.75,4.74,0.2,2.21,2.536853,1.425,4.0,1221.0,0
12.15,4.6,2.08,20.7,101.0,1.76,1.01,0.5,1.61,2.954458,0.737,2.6,316.0,1
13.18,1.18,2.56,23.0,105.0,3.46,2.58,0.25,2.15,5.780326,0.733,2.94,396.0,2
13.74,1.79,2.73,21.5,100.0,1.79,2.27,0.34,1.68,6.935673,0.686,2.71,1016.0,0
13.49,0.98,2.65,19.3,108.0,3.16,4.64,0.4,2.21,4.187355,1.102,3.91,557.0,2
12.32,1.32,2.33,21.5,94.0,2.35,1.73,0.47,1.23,6.205698,0.867,1.7,338.0,1
13.81,1.52,2.97,24.1,97.0,1.96,2.41,0.57,1.36,8.507929,1.083,2.55,432.0,0
13.2,2.16,2.5,19.2,107.0,3.15,3.18,0.27,1.55,3.96917,1.017,3.02,584.0,0
13.44,3.87,2.52,19.5,75.0,2.42,2.61,0.52,1.76,2.04597,1.269,3.36,648.0,0
14.29,4.34,2.75,20.8,132.0,2.06,1.16,0.44,1.68,9.31082,0.982,2.1,1242.0,0
12.44,1.1,2.05,20.0,86.0,2.98,3.32,0.22,1.98,2.655388,1.202,3.34,682.0,2
12.44,2.29,2.97,25.2,119.0,1.95,2.97,0.26,1.63,7.752563,0.587,2.05,799.0,2
13.88,1.56,2.52,19.2,109.0,2.46,3.54,0.2,2.19,2.324635,1.286,3.73,390.0,1
13.1,2.01,1.91,17.6,86.0,1.62,0.73,0.24,1.08,3.798532,0.941,2.52,1067.0,2
13.1,2.85,2.72,15.8,125.0,3.52,4.49,0.14,2.27,4.888588,1.039,3.02,1439.0,0
12.69,2.34,2.35,20.2,116.0,1.3,1.49,0.59,1.52,3.384772,1.1,2.29,457.0,1
12.18,4.43,2.26,18.9,94.0,1.99,1.15,0.35,1.52,2.989314,0.926,2.12,418.0,1
13.99,1.45,2.13,14.4,107.0,2.11,2.88,0.19,1.44,3.587043,0.961,3.38,1439.0,0
13.59,0.9,1.89,16.1,100.0,2.51,2.9,0.16,1.65,4.525724,1.105,3.37,838.0,2
13.1,0.9,2.52,16.9,96.0,3.86,4.45,0.29,2.34,5.492473,0.973,3.87,1329.0,0
13.97,0.99,2.29,13.7,108.0,1.72,0.83,0.35,1.25,6.564373,1.11,1.75,804.0,2
13.69,1.04,2.08,16.0,87.0,2.34,1.14,0.28,1.35,3.916056,1.03,3.01,676.0,1
12.37,5.41,1.95,23.6,84.0,1.62,0.56,0.42,1.37,3.83554,0.517,1.53,287.0,1
12.19,1.19,2.4,21.8,100.0,1.47,0.58,0.51,0.93,3.210899,0.95,1.53,448.0,1
13.73,1.44,2.89,21.5,123.0,2.95,1.88,0.28,1.8,3.765231,1.535,3.07,1358.0,0
12.46,2.11,2.43,24.0,78.0,2.0,1.09,0.22,1.97,2.473859,0.766,2.26,306.0,1
13.81,1.26,2.67,22.4,105.0,1.85,1.34,0.47,1.52,10.339374,0.593,1.67,654.0,2
13.15,1.82,2.93,21.6,119.0,1.95,1.04,0.54,1.69,9.624833,0.739,1.36,1244.0,2
12.95,0.96,2.41,23.2,88.0,1.87,0.73,0.35,1.14,3.252703,0.767,2.51,786.0,2
14.03,1.2,2.59,19.6,96.0,1.56,0.65,0.43,1.6,6.842693,0.885,1.6,883.0,0
12.67,2.63,2.49,22.8,106.0,2.39,2.33,0.52,1.37,4.013656,0.542,2.64,722.0,2
12.25,2.3,1.79,16.9,89.0,1.77,1.08,0.2,1.51,3.260841,0.783,1.64,393.0,1
12.36,1.89,2.49,22.1,84.0,2.17,1.89,0.46,1.43,2.652327,1.237,2.89,508.0,1
13.48,3.13,2.76,19.4,101.0,2.48,1.22,0.62,1.47,8.981285,0.813,2.71,1395.0,0
11.71,2.67,2.14,18.5,79.0,1.48,0.75,0.38,1.2,4.344606,0.48,1.31,507.0,1
13.09,4.87,2.54,22.3,107.0,1.31,0.78,0.52,1.33,3.645421,0.817,1.94,365.0,1
12.56,2.56,2.87,21.9,90.0,1.61,0.66,0.54,1.55,6.268177,0.72,1.63,373.0,1
11.93,3.79,2.84,29.2,91.0,1.61,0.55,0.55,0.87,3.088795,0.574,1.42,685.0,1
11.28,2.6,2.19,25.3,79.0,1.64,0.85,0.63,1.57,2.154404,1.081,2.39,278.0,1
14.05,1.37,2.43,16.6,119.0,2.28,1.29,0.25,1.54,7.545829,0.916,1.92,885.0,0
11.68,1.9,2.49,21.9,91.0,2.31,2.81,0.51,1.81,6.380399,1.002,2.5,420.0,1
12.52,4.15,2.54,20.9,89.0,1.95,1.54,0.45,1.87,3.213632,1.167,3.55,502.0,1
14.19,1.87,2.57,17.6,121.0,1.9,1.22,0.3,1.56,9.909774,0.821,1.34,1003.0,2
12.8,1.81,2.35,22.4,113.0,1.67,1.01,0.26,1.61,5.038205,0.826,1.34,1019.0,1
13.13,3.64,2.17,15.4,95.0,2.72,2.56,0.43,2.13,4.169088,1.072,2.93,317.0,0
11.99,0.91,2.1,19.1,94.0,2.37,2.15,0.3,1.25,4.446461,0.982,2.66,291.0,1
12.52,1.52,2.52,23.5,77.0,1.94,2.22,0.62,1.26,5.071117,0.879,2.34,556.0,2
13.95,1.33,2.14,17.6,96.0,2.9,3.45,0.36,1.34,4.591522,0.894,3.82,999.0,1
13.9,1.78,2.09,15.9,96.0,2.58,1.77,0.35,1.54,5.496056,1.081,3.37,1302.0,2
12.71,4.27,2.38,23.8,78.0,2.84,0.87,0.31,1.69,4.166514,0.806,1.74,404.0,2
12.99,2.91,2.37,20.9,92.0,2.57,2.16,0.43,1.56,2.734657,0.822,2.74,982.0,1
12.88,3.04,2.75,24.5,91.0,2.6,1.4,0.17,1.8,5.194512,0.848,2.38,543.0,1
12.08,3.66,1.87,18.8,116.0,2.17,2.79,0.21,1.83,1.989587,1.203,3.13,446.0,1
11.71,2.32,2.01,23.5,94.0,1.61,1.03,0.33,1.41,2.178458,1.098,2.48,283.0,1
13.69,1.07,2.37,18.4,94.0,2.68,1.3,0.43,1.16,9.873026,0.657,1.54,1091.0,2
13.38,2.33,1.86,17.0,94.0,2.07,2.07,0.27,1.85,4.929925,0.754,2.15,974.0,0
12.52,2.66,2.58,21.7,117.0,2.66,3.71,0.2,1.67,3.021593,1.016,3.76,588.0,0
12.59,3.4,2.21,21.9,81.0,1.82,0.56,0.44,1.49,3.683313,0.595,1.74,662.0,1
13.67,1.28,2.09,16.3,91.0,3.06,3.89,0.15,1.82,4.9013,0.931,3.44,730.0,2
11.82,2.28,2.37,19.8,84.0,1.17,0.51,0.54,1.36,2.835319,1.1,1.92,438.0,2
12.95,1.19,2.18,18.0,91.0,1.75,1.44,0.23,1.52,3.085729,0.778,2.0,835.0,1
13.79,2.91,2.26,16.7,96.0,2.42,0.88,0.46,1.67,6.582385,0.712,1.95,914.0,0
11.46,2.93,2.01,20.8,83.0,1.8,0.58,0.48,1.34,3.405629,0.602,1.52,297.0,1
11.54,1.65,2.28,16.6,112.0,1.74,0.71,0.27,1.55,4.774386,0.841,2.21,700.0,1
12.67,4.4,2.38,22.7,94.0,2.22,0.85,0.55,1.55,4.491819,0.808,1.68,358.0,1
12.55,2.18,2.26,18.9,85.0,2.37,1.87,0.29,1.66,2.844269,0.878,3.19,553.0,1
13.16,3.8,2.26,14.2,89.0,1.67,1.11,0.49,1.76,4.149491,1.106,2.94,905.0,2
14.19,3.77,2.88,16.8,103.0,1.76,1.35,0.53,1.54,7.985235,0.996,2.21,1440.0,0
12.15,3.59,2.27,18.7,82.0,1.64,1.14,0.51,1.35,4.303667,0.711,1.73,427.0,1
11.79,1.11,1.88,19.5,82.0,1.45,0.72,0.37,1.67,1.918225,0.762,1.77,320.0,1
12.79,3.66,2.63,25.8,118.0,3.56,4.03,0.19,1.95,6.100442,0.731,3.6,888.0,1
13.45,1.4,2.52,19.6,98.0,2.0,1.45,0.34,1.5,4.754154,0.836,2.55,918.0,1
12.44,0.89,2.38,19.2,82.0,2.42,3.55,0.35,1.28,2.534271,1.461,3.64,469.0,1
12.71,0.89,2.0,13.4,128.0,3.4,2.88,0.16,1.95,2.099992,1.421,3.92,1194.0,2
13.05,1.23,1.81,16.8,86.0,2.55,1.28,0.17,1.54,2.300853,1.381,2.29,725.0,2
11.19,0.96,2.11,18.3,90.0,2.7,3.48,0.32,1.45,2.44158,1.005,3.87,371.0,1
13.08,1.25,2.05,18.8,92.0,2.52,1.99,0.2,1.98,4.807578,0.907,3.1,890.0,2
12.54,2.57,2.43,25.2,93.0,2.03,1.18,0.3,2.04,3.869121,0.663,1.52,587.0,2
13.77,2.91,2.85,20.9,108.0,1.9,1.41,0.29,1.35,8.353911,1.011,1.99,1034.0,2
12.54,1.22,2.54,17.4,102.0,2.01,1.97,0.39,1.17,5.508772,0.808,1.85,605.0,2
13.92,1.19,1.99,13.7,98.0,2.6,2.67,0.44,1.98,7.036365,0.754,2.39,778.0,0
13.3,0.97,2.4,18.1,94.0,2.12,2.44,0.28,1.61,3.957203,1.178,3.48,678.0,2
12.65,1.03,2.86,26.1,103.0,2.44,0.69,0.49,1.53,3.749505,0.855,2.51,288.0,1
14.34,0.9,2.65,16.6,92.0,3.88,3.34,0.28,2.29,10.483081,1.095,3.64,1585.0,0
14.32,0.92,2.46,16.3,98.0,2.91,3.49,0.15,2.01,7.349758,1.403,3.59,1444.0,0
13.43,1.27,2.62,19.5,115.0,2.1,1.33,0.58,1.16,9.417704,0.695,2.25,1161.0,2
13.72,2.02,2.51,23.0,96.0,1.59,0.65,0.32,1.34,4.592965,0.775,2.83,575.0,1
12.7,1.98,2.86,27.2,96.0,2.96,1.65,0.4,1.58,4.917282,1.138,2.15,1240.0,1
13.76,2.23,2.38,18.5,87.0,2.32,1.69,0.26,1.65,8.726143,0.645,1.78,994.0,1
13.2,3.5,1.91,14.6,136.0,2.02,1.38,0.17,2.33,5.31251,1.004,2.58,1165.0,0
11.74,1.92,2.02,20.8,96.0,1.99,1.55,0.4,1.1,2.250631,1.039,1.91,494.0,1
14.18,2.2,2.13,15.1,89.0,2.47,2.23,0.27,1.78,9.446984,0.961,2.87,983.0,0
13.05,1.05,2.46,20.9,93.0,3.02,3.45,0.22,1.81,3.207534,1.104,3.81,966.0,1
13.69,1.34,1.88,15.1,88.0,3.22,3.8,0.38,1.9,5.197061,1.305,3.6,922.0,2
13.43,3.89,2.21,17.2,112.0,2.07,0.99,0.24,1.57,6.482258,0.842,2.9,1020.0,2
13.92,3.44,2.49,21.2,97.0,2.1,1.25,0.62,1.44,7.642009,0.607,1.41,445.0,1
12.53,3.51,2.52,17.1,145.0,3.2,4.05,0.31,2.32,4.957948,0.955,3.77,1073.0,0
12.0,1.16,2.44,17.3,93.0,3.53,4.05,0.33,2.11,3.593958,1.015,3.34,520.0,1
11.9,0.9,2.44,22.7,98.0,1.61,1.38,0.45,1.48,2.517681,1.029,2.67,337.0,2
13.76,1.52,2.12,18.2,87.0,2.6,3.68,0.27,2.03,5.587676,0.938,3.13,960.0,1
14.48,5.03,2.49,16.1,84.0,2.48,1.9,0.35,1.71,4.669533,0.969,3.74,1301.0,0
13.91,2.56,2.32,17.5,91.0,2.92,1.57,0.44,1.53,6.44921,0.998,3.3,601.0,2
13.35,0.89,1.95,14.2,103.0,3.13,3.7,0.27,1.78,2.365705,1.2,3.55,837.0,1
13.23,3.87,3.05,22.9,109.0,1.74,1.03,0.61,1.6,6.86539,0.918,2.74,388.0,2
12.08,0.92,2.11,16.3,98.0,2.46,1.84,0.27,1.67,2.336669,1.213,2.22,433.0,0
13.08,1.99,2.43,16.4,107.0,2.06,1.68,0.48,1.79,3.374962,0.905,2.39,790.0,0
13.67,1.78,2.34,15.2,90.0,2.67,2.74,0.32,2.11,6.352801,1.006,3.73,1183.0,0
12.36,2.68,2.49,20.6,99.0,2.23,1.27,0.48,1.92,5.171909,0.841,1.71,819.0,1
13.63,0.89,2.33,18.3,94.0,2.11,1.36,0.2,1.92,3.540487,1.388,2.69,711.0,1
13.34,1.68,2.31,20.9,93.0,2.38,1.93,0.23,2.07,9.880964,0.877,2.43,551.0,0
12.9,1.61,2.18,17.2,110.0,2.53,1.82,0.23,1.37,5.077243,1.012,2.77,823.0,0
13.69,3.91,2.79,22.1,136.0,2.47,2.73,0.32,1.1,8.060157,1.011,2.07,783.0,0
12.7,2.06,2.37,19.6,81.0,1.68,1.31,0.5,1.95,3.878358,0.944,2.9,439.0,1
13.37,1.8,2.31,16.8,98.0,2.2,2.15,0.35,2.29,4.828926,0.804,2.78,668.0,2
13.76,1.3,2.23,15.8,104.0,2.19,2.54,0.22,1.64,7.257211,0.978,2.58,1100.0,0
13.26,3.15,1.84,14.7,98.0,2.43,2.93,0.33,1.87,3.480524,1.333,3.8,811.0,1
12.1,2.65,2.71,20.1,100.0,2.83,3.6,0.3,1.86,3.688865,1.047,2.16,367.0,1
12.71,1.25,2.2,15.2,78.0,2.75,3.34,0.45,2.08,2.80905,1.183,3.73,706.0,2
11.87,1.33,2.27,18.7,89.0,3.12,3.15,0.41,1.65,6.827746,0.995,3.0,531.0,1
12.82,2.07,2.6,23.6,105.0,2.64,3.53,0.3,2.02,3.235241,1.287,3.77,450.0,1
13.7,4.86,2.47,20.2,113.0,2.19,1.27,0.45,1.99,6.335743,0.836,1.44,537.0,2
12.27,4.82,2.26,20.6,108.0,2.49,2.81,0.21,1.53,2.335775,1.184,3.27,361.0,1
14.35,3.06,2.25,18.6,106.0,2.85,1.79,0.17,1.55,9.887823,0.616,1.98,1473.0,0
13.48,1.75,2.14,20.0,102.0,1.27,0.68,0.49,1.31,8.81731,0.715,1.45,565.0,0
12.48,4.46,2.81,23.8,122.0,2.99,1.95,0.46,2.12,3.365887,0.881,3.44,820.0,2
12.61,1.51,2.54,18.8,102.0,2.8,3.48,0.46,1.91,2.03882,1.473,3.8,917.0,1
12.0,1.53,2.19,17.8,83.0,1.3,0.75,0.57,1.49,2.248052,1.249,2.07,427.0,1
12.69,1.58,1.9,16.0,98.0,3.56,3.01,0.18,2.0,4.275336,1.315,2.58,443.0,1
11.67,1.31,1.74,17.8,80.0,1.55,0.53,0.39,1.12,4.06223,0.599,1.42,452.0,1
13.04,2.28,2.39,16.0,117.0,3.12,4.23,0.27,1.62,3.53828,1.277,3.62,721.0,0
12.72,2.41,2.48,23.0,85.0,1.47,1.26,0.47,1.28,3.457272,0.972,2.47,313.0,1
11.68,1.56,2.0,17.3,79.0,2.5,2.26,0.61,1.7,2.729265,1.122,3.5,397.0,1
12.78,1.45,2.67,13.7,107.0,2.87,3.44,0.19,1.83,2.86049,1.384,3.85,705.0,2
12.44,1.22,1.77,17.4,81.0,1.73,0.94,0.56,1.54,2.953069,0.907,2.64,339.0,1
13.17,0.91,2.43,17.4,96.0,3.67,3.81,0.22,1.98,4.91134,1.259,3.99,754.0,1
12.79,4.96,2.19,21.6,83.0,1.94,0.67,0.55,1.22,4.754248,0.692,2.37,751.0,1
14.17,1.78,2.51,17.4,130.0,2.21,1.51,0.27,1.56,7.352347,1.072,2.52,1405.0,0
13.84,5.44,2.73,19.4,113.0,1.49,1.0,0.32,1.63,6.678841,0.723,1.86,649.0,0
11.74,1.07,2.03,19.9,86.0,2.19,2.25,0.46,1.86,2.167521,0.946,2.92,304.0,1
14.3,1.1,2.34,15.1,104.0,2.07,0.58,0.42,1.6,6.120261,1.004,3.04,1043.0,0
13.06,3.89,2.48,22.9,99.0,1.53,0.69,0.46,1.32,2.976156,0.793,2.6,787.0,2
13.77,5.44,2.46,21.4,95.0,2.58,1.13,0.36,1.93,3.252023,0.682,2.84,549.0,0
11.68,3.65,2.2,23.0,90.0,2.17,1.97,0.49,1.53,2.300516,1.056,3.05,336.0,1
12.16,3.25,2.76,23.8,85.0,1.54,0.52,0.61,1.2,4.731156,0.736,1.34,322.0,1
12.5,1.6,2.37,19.6,110.0,2.36,1.3,0.45,1.79,5.103233,0.882,3.29,403.0,1
13.02,1.91,1.88,18.1,90.0,2.55,1.1,0.42,1.83,3.961515,0.884,3.03,417.0,1
12.98,3.66,2.85,22.2,90.0,2.87,2.5,0.27,1.9,8.448011,0.519,2.21,1070.0,2
12.33,3.33,2.52,23.6,97.0,2.33,1.83,0.22,2.04,3.648558,1.008,3.11,923.0,0
11.83,1.98,2.48,17.8,105.0,1.31,1.02,0.48,1.14,3.286596,1.051,2.43,394.0,0
13.39,2.91,2.38,21.3,101.0,2.34,1.4,0.64,1.71,4.736583,1.049,3.04,645.0,2
13.36,2.76,2.17,17.3,91.0,2.02,0.94,0.44,1.33,7.120633,0.893,2.11,952.0,2
12.19,4.07,1.83,19.0,85.0,1.38,0.54,0.52,1.22,2.671556,0.819,2.3,283.0,1
12.42,0.98,1.85,20.8,79.0,2.3,1.33,0.57,1.78,2.773217,1.232,2.16,318.0,1
11.81,4.37,2.43,21.6,72.0,2.9,2.14,0.48,1.76,4.009789,0.953,2.57,420.0,1
14.13,3.21,2.55,16.8,152.0,2.81,3.96,0.31,1.88,4.348746,1.249,3.87,1456.0,0
13.24,1.4,2.49,16.1,102.0,2.75,3.7,0.19,2.03,4.278912,1.309,3.66,1149.0,1
13.31,1.95,2.36,17.9,86.0,2.05,1.17,0.45,1.59,4.489197,0.779,1.89,746.0,2
12.19,1.16,2.0,17.3,100.0,1.41,0.52,0.51,1.24,4.271916,0.918,1.45,731.0,1
13.18,5.51,2.3,27.4,92.0,2.04,0.83,0.31,1.22,4.878986,0.597,1.61,660.0,0
12.05,1.49,1.62,19.5,93.0,1.45,0.78,0.35,1.31,3.002899,0.735,2.27,326.0,1
12.45,2.67,2.26,23.0,100.0,2.56,3.02,0.31,2.01,2.622756,0.951,3.2,377.0,1
12.53,2.65,2.23,17.7,94.0,2.25,1.92,0.3,1.35,3.952203,1.068,2.72,763.0,1
14.22,2.78,2.96,19.2,114.0,3.3,3.45,0.32,1.67,6.471119,1.091,2.51,1018.0,1
13.03,1.0,1.97,13.9,81.0,2.13,2.05,0.54,1.53,5.054959,1.039,2.95,793.0,2
13.09,1.64,2.24,19.3,81.0,2.66,2.66,0.29,2.27,2.257247,0.874,2.28,584.0,1
14.21,0.89,2.55,16.5,106.0,3.59,4.87,0.18,1.62,10.0509,1.468,3.4,1548.0,0
11.77,3.01,2.53,22.1,112.0,2.66,2.27,0.31,1.82,2.936743,0.575,1.8,478.0,1
13.0,2.43,2.44,19.5,95.0,1.42,0.81,0.57,1.62,8.19275,0.611,1.56,546.0,1
12.33,4.25,2.32,22.9,86.0,1.29,0.73,0.26,1.75,8.390067,0.529,2.25,404.0,1
13.58,3.61,2.08,18.3,106.0,1.79,0.6,0.46,1.63,3.429668,0.598,2.35,907.0,1
11.85,4.1,2.5,22.3,102.0,1.73,1.33,0.48,1.84,2.134129,1.296,1.66,445.0,0
13.49,1.26,2.56,20.2,105.0,1.9,0.66,0.55,1.12,11.850721,0.595,1.28,567.0,0
13.7,1.82,2.46,19.1,87.0,2.88,2.13,0.31,1.81,3.11867,1.126,2.84,1604.0,0
13.76,1.52,2.45,14.1,125.0,2.55,3.45,0.14,1.71,7.561416,0.709,2.96,1024.0,0
11.77,2.76,2.26,22.5,112.0,2.88,2.45,0.19,1.94,3.427661,0.83,2.9,684.0,0
12.84,2.35,2.54,21.4,83.0,3.2,3.6,0.32,1.67,3.530364,1.106,3.23,504.0,1
12.73,2.77,2.59,22.3,91.0,2.75,2.42,0.36,1.24,2.488138,1.159,2.88,418.0,1
12.9,2.54,2.23,21.5,98.0,1.59,0.67,0.58,1.36,6.754386,0.761,1.39,372.0,1
12.83,1.29,2.11,17.8,104.0,2.83,2.02,0.26,1.65,6.324308,0.892,2.43,623.0,2
12.94,0.99,2.71,25.0,108.0,2.86,2.46,0.24,2.06,2.90427,0.757,2.26,884.0,1
13.06,1.28,2.24,17.5,100.0,3.46,3.29,0.17,2.38,2.994929,1.208,3.8,1372.0,0
11.25,1.61,2.37,21.0,83.0,2.8,2.93,0.49,1.55,3.056429,0.713,3.31,344.0,1
12.54,1.23,2.32,18.8,120.0,3.0,2.52,0.38,2.19,2.087182,1.208,2.65,908.0,1
12.45,5.44,2.11,19.1,79.0,1.4,0.69,0.44,1.28,4.69377,0.521,1.51,529.0,0
14.71,4.47,2.51,22.2,120.0,2.15,1.52,0.37,1.46,11.007044,0.88,2.64,1263.0,0
11.94,2.2,2.04,16.2,91.0,2.65,2.18,0.34,1.87,2.02444,1.087,2.84,642.0,1
13.36,2.09,2.27,16.8,108.0,1.74,0.97,0.25,2.26,3.627186,0.906,1.81,727.0,1
14.06,5.35,2.69,21.5,112.0,1.92,0.83,0.54,1.58,7.370989,0.863,1.75,671.0,0
14.21,1.28,2.38,19.3,98.0,2.1,0.83,0.28,0.97,7.472738,0.556,1.57,985.0,0
13.11,1.22,2.2,18.5,107.0,2.79,2.7,0.27,1.67,5.685306,1.224,3.03,866.0,0
13.92,1.68,2.46,16.1,114.0,3.15,2.64,0.2,1.65,6.283047,0.861,2.55,1573.0,2
13.45,2.48,2.02,13.1,100.0,2.41,2.3,0.2,1.75,3.145307,0.964,3.45,378.0,1
12.83,0.94,2.11,14.7,106.0,3.17,3.04,0.22,1.82,4.294118,1.414,3.72,1544.0,0
12.91,1.06,2.89,21.7,125.0,2.89,2.44,0.17,2.09,7.573059,0.947,1.63,1086.0,0
13.31,2.58,2.47,20.9,117.0,2.97,3.26,0.25,1.66,6.483541,0.955,3.23,578.0,2
13.1,2.9,2.74,20.5,106.0,3.13,2.86,0.35,1.83,5.801161,1.209,3.21,991.0,0
13.8,2.37,2.49,21.0,108.0,2.22,1.8,0.25,1.85,7.229525,0.754,2.27,697.0,1
11.4,1.05,2.51,22.9,96.0,1.6,0.75,0.46,1.31,5.593311,0.625,1.86,552.0,1
13.46,1.2,2.36,18.1,100.0,1.86,1.2,0.26,1.26,4.64863,1.189,2.88,1126.0,0
11.68,1.1,2.36,21.3,79.0,1.27,0.71,0.66,1.02,2.827099,1.038,2.17,386.0,2
13.21,3.23,2.53,18.4,90.0,2.68,3.84,0.25,1.75,4.534042,0.762,2.71,490.0,0
12.75,1.41,2.49,17.3,88.0,2.08,2.19,0.31,1.62,2.626234,1.258,3.26,299.0,2
12.04,4.64,2.34,25.2,87.0,1.71,1.15,0.31,1.22,2.102621,1.011,2.83,553.0,1
12.79,4.54,2.39,20.5,111.0,1.22,0.5,0.35,1.45,5.294904,0.48,1.27,572.0,2
13.62,1.11,1.92,19.4,99.0,3.02,1.92,0.32,2.07,6.458479,1.141,2.99,1140.0,2
14.36,4.11,2.31,17.8,117.0,2.83,4.09,0.38,2.02,6.948631,0.832,2.39,1334.0,0
13.26,1.11,2.68,16.9,144.0,3.7,4.65,0.21,1.93,4.822205,1.22,3.62,1317.0,2
12.2,2.13,2.61,22.6,86.0,2.26,2.33,0.41,1.43,2.835591,0.973,3.34,298.0,1
11.56,1.14,2.47,22.1,96.0,2.11,2.12,0.36,1.95,2.131299,0.863,2.35,306.0,1
13.89,1.04,2.69,21.6,98.0,3.28,3.29,0.36,2.1,5.087156,1.224,3.15,1128.0,0
11.34,1.65,2.27,19.9,84.0,1.82,1.64,0.57,1.32,3.422423,0.819,2.09,339.0,1
14.41,2.21,2.26,18.5,112.0,2.61,2.24,0.27,1.7,7.725064,0.969,1.63,1644.0,0
12.56,2.7,2.84,26.9,100.0,1.83,1.04,0.18,1.57,4.487094,1.043,1.85,869.0,0
12.82,4.83,2.51,24.5,105.0,1.32,1.48,0.37,1.76,3.641902,0.697,2.86,292.0,0
12.07,1.21,2.07,17.4,81.0,2.79,3.0,0.35,1.87,2.652462,1.138,3.14,489.0,1
13.29,3.14,2.25,16.6,86.0,2.27,2.62,0.43,1.54,2.493061,1.286,3.6,764.0,1
11.95,1.71,2.46,22.4,88.0,2.65,3.03,0.47,1.77,4.054997,1.175,2.24,645.0,1
13.23,3.29,2.58,18.7,126.0,2.54,2.59,0.19,1.66,5.083263,1.011,2.0,494.0,0
12.56,2.85,2.23,23.6,81.0,2.04,1.11,0.29,1.81,3.368289,0.809,1.7,387.0,2
12.35,1.24,2.25,19.7,96.0,2.12,2.02,0.28,1.71,2.820839,0.994,2.32,702.0,0
12.55,1.16,2.06,16.2,104.0,2.88,1.55,0.35,1.25,3.774459,1.248,1.79,1022.0,1
13.17,2.62,2.43,22.4,103.0,2.06,0.86,0.3,1.42,5.401866,0.706,2.0,901.0,2
12.39,1.44,1.87,13.6,79.0,1.87,1.37,0.35,1.42,4.2925,1.051,2.41,446.0,0
12.34,1.9,1.91,17.9,83.0,1.87,1.06,0.27,0.97,3.622558,0.764,1.8,688.0,1
13.36,1.02,2.45,18.6,96.0,1.73,1.47,0.4,1.73,5.387303,0.769,2.88,649.0,2
12.88,1.57,2.09,17.3,85.0,2.77,2.65,0.33,1.19,2.447217,0.743,2.7,1150.0,1
13.04,1.12,2.38,15.0,89.0,3.59,2.85,0.47,1.88,6.193473,1.296,3.13,1370.0,2
14.28,4.9,2.25,16.9,95.0,2.1,1.46,0.34,1.37,9.669788,0.641,2.71,610.0,0
13.44,4.25,2.59,23.8,91.0,2.17,1.1,0.47,1.46,6.307879,0.818,2.14,1133.0,2
13.45,4.32,3.01,26.0,95.0,2.59,1.82,0.6,1.24,2.887737,1.091,1.54,588.0,2
13.72,2.5,2.84,21.1,104.0,2.64,2.52,0.43,1.87,5.221598,1.293,3.03,948.0,1
13.76,3.85,2.91,19.3,122.0,2.15,1.11,0.39,1.54,10.7311,0.721,1.96,1236.0,0
11.56,4.27,2.27,21.6,91.0,1.4,0.72,0.5,1.52,2.577879,0.802,1.9,522.0,2
13.5,1.32,2.58,17.7,96.0,2.09,1.2,0.41,1.75,6.250556,1.099,2.75,1010.0,0
13.39,0.91,2.34,19.9,85.0,3.46,2.71,0.25,1.89,2.066794,1.294,3.72,839.0,0
13.66,1.36,2.05,13.7,99.0,2.65,1.42,0.37,1.28,8.237689,0.841,2.63,883.0,2
12.69,5.51,2.43,18.9,97.0,1.86,0.69,0.57,1.72,5.929058,0.775,1.52,644.0,2
12.9,1.03,2.29,15.3,91.0,2.36,1.08,0.2,1.29,2.659079,1.413,2.61,416.0,0
12.8,3.72,2.62,24.0,85.0,1.4,0.93,0.65,1.19,9.472597,0.905,1.38,498.0,1
12.85,3.84,2.29,22.4,123.0,2.05,2.26,0.3,1.7,9.702791,0.609,1.5,470.0,0
12.95,1.79,2.56,22.1,110.0,2.45,2.4,0.46,2.07,3.961784,0.832,2.88,608.0,1
13.45,3.22,2.42,15.0,133.0,2.97,3.86,0.13,1.62,4.566163,1.201,3.85,902.0,0
12.12,1.24,2.34,20.2,99.0,2.94,3.64,0.26,1.62,2.30562,1.214,3.87,628.0,1
13.13,1.23,2.31,17.5,80.0,2.58,1.3,0.65,1.38,9.77607,0.959,1.8,651.0,2
13.78,4.61,2.04,18.5,121.0,1.99,1.77,0.31,2.27,10.775941,0.517,1.64,691.0,0
12.94,2.24,2.47,21.2,120.0,1.33,0.57,0.31,1.42,3.817174,1.004,2.3,1001.0,1
13.4,1.24,2.39,18.1,99.0,2.09,2.69,0.4,2.14,5.616682,1.071,3.62,1265.0,2
13.2,1.96,2.78,18.2,126.0,2.67,1.11,0.43,1.48,8.912864,0.611,1.63,824.0,1
11.98,1.96,2.59,23.4,112.0,2.55,0.89,0.64,0.96,3.117748,1.011,1.59,329.0,1
12.47,3.85,2.09,18.5,81.0,1.44,0.6,0.33,1.29,3.964401,0.917,2.76,448.0,2
12.47,3.03,1.43,17.5,80.0,1.63,0.71,0.42,1.54,2.936749,0.779,1.52,374.0,1
13.82,1.6,2.36,12.9,88.0,3.29,3.84,0.26,1.83,5.203336,1.056,3.76,1006.0,0
12.53,1.24,2.44,17.5,94.0,3.16,3.8,0.31,1.65,6.317646,1.255,3.54,866.0,1
12.8,3.24,2.07,13.9,93.0,2.49,2.86,0.26,1.93,2.678648,1.397,3.19,1021.0,2
14.19,2.42,2.62,21.1,86.0,2.01,0.89,0.28,1.17,4.891963,0.845,2.4,1474.0,0
12.89,2.34,2.02,20.6,100.0,2.36,2.25,0.25,1.64,3.875554,0.863,3.82,337.0,1
12.99,2.19,1.87,14.7,89.0,1.58,0.56,0.27,1.22,5.17399,0.896,2.99,682.0,2
12.57,2.78,2.34,21.6,114.0,2.24,2.74,0.27,2.33,2.879237,0.883,3.16,333.0,1
12.44,2.73,2.32,19.6,108.0,2.63,3.08,0.52,1.92,4.264931,1.043,2.49,779.0,0
13.86,2.15,2.3,20.7,102.0,2.32,2.78,0.18,1.76,5.413937,0.639,2.88,1378.0,0
12.39,3.27,2.32,20.6,93.0,2.11,2.89,0.35,1.97,2.321518,0.917,3.82,371.0,2
12.44,0.92,2.64,19.5,106.0,3.45,4.21,0.33,2.35,2.299124,1.341,3.85,931.0,2
13.06,2.07,2.48,18.2,95.0,3.38,3.8,0.43,1.68,10.058749,1.024,3.11,1262.0,0
12.75,0.92,2.23,19.2,86.0,2.78,1.67,0.19,1.34,2.417876,1.276,2.8,643.0,2
11.97,1.27,1.74,19.5,83.0,1.71,0.97,0.26,1.52,5.452582,0.669,1.51,311.0,1
13.02,3.89,2.6,25.0,89.0,2.08,1.32,0.49,1.28,7.66738,0.563,3.1,369.0,2
13.64,1.18,2.29,14.9,109.0,2.99,2.3,0.31,1.91,4.175287,0.851,2.14,966.0,2
12.43,1.09,2.41,17.4,102.0,2.94,1.06,0.28,1.32,5.995054,0.926,1.57,573.0,2
13.01,2.97,2.5,26.0,136.0,1.25,0.87,0.5,1.93,5.63031,0.656,1.33,430.0,2
11.93,1.07,2.44,22.8,126.0,2.02,1.66,0.31,1.73,7.037015,0.709,2.16,473.0,1
12.86,2.54,2.58,21.3,126.0,2.1,1.07,0.28,1.51,3.878622,0.89,2.5,1105.0,0
13.36,2.96,2.27,22.6,100.0,1.8,1.13,0.23,1.74,5.287471,0.855,1.66,720.0,0
13.91,3.02,2.26,16.2,109.0,2.29,1.38,0.15,1.89,5.524034,0.732,2.38,872.0,0
13.37,1.43,2.54,18.9,90.0,2.68,4.07,0.51,2.26,5.026643,1.211,3.87,1021.0,1
14.12,4.95,2.35,19.4,102.0,2.06,1.03,0.37,1.65,4.932074,0.914,2.4,557.0,0
12.42,1.91,2.04,19.1,94.0,2.06,1.97,0.37,1.42,6.017364,0.606,2.84,497.0,1
12.43,2.74,2.57,21.0,113.0,3.0,1.56,0.58,1.59,3.707695,1.186,2.22,853.0,1
12.83,3.87,2.91,22.2,102.0,2.67,2.28,0.37,1.38,5.768012,0.934,2.07,1223.0,0
12.47,2.4,2.33,20.3,96.0,1.9,1.64,0.45,1.21,4.888286,1.027,2.64,656.0,0
13.77,2.24,2.3,17.3,99.0,1.86,1.72,0.27,1.75,3.962986,0.935,2.91,1358.0,0
13.97,1.07,2.18,13.0,114.0,3.51,3.72,0.25,2.12,8.020439,1.008,2.69,1400.0,0
13.53,3.0,2.65,27.0,122.0,1.73,1.92,0.18,1.69,6.858982,0.512,3.04,452.0,0
13.05,2.58,2.19,22.4,92.0,1.52,1.15,0.45,1.8,7.596216,0.59,1.93,373.0,1
12.66,0.96,2.4,16.3,92.0,1.48,0.66,0.54,1.2,5.655029,1.044,1.92,1168.0,1
14.35,1.49,2.65,16.9,106.0,2.1,3.04,0.35,1.41,12.026825,0.901,2.46,1375.0,0
14.21,4.75,2.3,21.7,92.0,1.73,0.7,0.56,1.18,12.113074,0.48,1.4,713.0,2
13.96,3.73,2.39,14.3,113.0,1.46,1.47,0.39,1.37,7.553636,0.651,2.26,643.0,2
14.26,3.47,2.72,19.0,103.0,2.02,1.03,0.36,1.0,4.786326,1.203,2.0,1260.0,0
13.3,4.56,2.63,21.2,82.0,2.02,0.76,0.56,1.82,3.175809,1.216,2.77,898.0,2
12.97,4.73,2.72,25.3,85.0,1.58,1.14,0.52,1.73,4.787817,0.957,2.65,528.0,1
12.38,1.51,2.62,26.2,100.0,1.67,1.27,0.22,1.46,2.914357,0.911,1.57,349.0,1
14.22,2.56,1.98,12.9,107.0,2.59,1.77,0.25,1.84,6.710715,1.108,2.92,1189.0,0
11.95,5.01,2.23,24.4,86.0,3.22,3.14,0.46,1.84,3.399825,0.865,3.12,281.0,1
12.04,2.16,2.68,26.2,100.0,2.7,1.01,0.56,1.76,2.323461,1.259,3.09,395.0,1
12.43,3.26,2.48,19.8,96.0,1.78,1.15,0.51,1.81,10.220528,0.536,1.35,1183.0,0
12.81,0.93,2.38,18.2,103.0,2.25,2.25,0.58,1.66,6.026832,0.867,2.01,970.0,0
13.46,2.25,2.64,16.1,139.0,3.88,4.87,0.27,2.31,6.39635,1.262,3.98,1075.0,0
12.17,0.89,2.42,21.3,115.0,2.04,3.34,0.19,2.1,4.18407,0.869,3.02,836.0,0
13.68,2.15,2.64,21.1,130.0,2.33,2.97,0.19,1.83,5.168926,1.034,3.03,1316.0,0
12.52,2.28,2.54,26.6,93.0,1.94,1.29,0.31,1.76,5.158843,0.585,1.91,406.0,1
14.17,5.47,2.36,22.6,88.0,1.77,0.67,0.39,1.02,10.128364,0.579,1.38,810.0,2
12.26,2.33,2.17,16.7,81.0,2.3,2.57,0.47,2.14,2.157145,1.076,3.77,301.0,1
11.28,0.98,2.06,20.3,91.0,2.51,2.85,0.4,1.71,2.0888,1.458,3.42,361.0,1
14.17,2.64,2.2,14.8,79.0,1.73,1.3,0.31,1.57,4.32833,0.715,2.62,963.0,2
12.48,4.63,2.35,19.1,89.0,1.68,1.54,0.54,1.34,3.289316,1.034,2.09,846.0,1
13.15,0.96,2.15,13.3,93.0,2.74,1.84,0.24,1.88,6.327029,1.097,3.06,655.0,0
12.83,1.19,2.23,16.7,106.0,2.59,2.33,0.19,1.58,5.249713,0.993,2.21,604.0,2
13.49,3.01,2.62,21.8,116.0,2.57,1.06,0.27,1.98,5.821033,0.724,1.85,610.0,2
13.65,1.83,2.26,19.4,96.0,2.48,1.61,0.45,2.22,4.428707,0.774,2.8,534.0,2
12.53,1.48,1.84,17.5,75.0,1.32,0.64,0.56,1.35,4.894447,0.709,1.38,333.0,1
13.92,4.83,1.94,14.4,114.0,2.99,2.13,0.35,1.84,3.989257,0.761,3.21,762.0,1
12.66,5.3,2.7,24.5,106.0,1.71,1.66,0.54,1.25,3.504295,0.946,2.0,324.0,1
13.96,1.19,2.27,18.2,106.0,2.52,2.13,0.59,2.1,7.467578,0.97,1.7,894.0,0
14.1,2.45,2.36,19.0,92.0,2.21,3.01,0.32,1.7,5.944102,0.964,2.74,805.0,1
11.81,3.29,2.35,23.4,92.0,1.1,0.48,0.3,0.83,1.995802,0.599,1.66,343.0,0
14.0,2.14,2.44,13.2,126.0,2.07,1.85,0.63,1.36,10.54387,1.195,1.87,1135.0,0
14.01,1.41,2.63,21.5,110.0,3.16,2.8,0.24,1.86,8.147924,1.251,3.87,1288.0,0
13.66,2.88,2.52,16.1,80.0,2.03,0.75,0.52,1.66,7.136092,0.62,1.48,624.0,2
14.39,3.68,2.52,19.9,101.0,2.22,1.29,0.25,1.47,5.474385,0.662,3.77,1366.0,0
13.38,2.75,2.59,17.7,101.0,2.15,1.15,0.33,0.93,3.897789,1.086,2.96,550.0,0
13.58,1.69,2.46,17.9,114.0,2.55,2.08,0.36,1.7,4.469491,0.986,3.53,1515.0,0
13.92,2.43,2.51,19.5,102.0,2.48,2.2,0.31,1.63,8.304033,1.386,3.09,1143.0,2
12.05,1.01,2.29,18.8,92.0,1.82,1.19,0.37,1.02,5.918825,0.782,2.7,437.0,2
12.22,3.28,2.48,22.7,92.0,1.38,0.71,0.54,1.03,1.972061,1.098,2.73,344.0,1
12.92,1.07,2.46,19.3,104.0,3.03,3.63,0.29,1.87,9.134791,1.179,3.68,1296.0,0
12.97,3.15,2.51,26.3,97.0,2.08,1.24,0.24,1.55,4.379374,0.759,3.01,343.0,1
14.18,3.68,2.26,16.2,104.0,2.8,2.61,0.22,1.97,3.713436,0.758,3.91,1053.0,2
13.18,0.95,1.78,18.7,92.0,2.95,3.15,0.15,2.14,4.460158,1.181,3.76,594.0,1
12.06,0.92,1.86,18.9,78.0,1.18,0.58,0.29,0.89,3.22258,0.878,3.18,383.0,1
13.64,3.43,2.64,21.2,99.0,3.88,4.06,0.17,2.14,8.823638,0.849,2.09,1603.0,0
14.61,1.09,2.63,13.3,156.0,2.66,1.7,0.23,1.82,7.133977,1.152,2.22,1611.0,0
13.09,1.82,2.27,15.3,122.0,2.54,0.82,0.35,1.69,5.458286,0.729,1.66,397.0,0
13.89,2.62,2.32,16.3,117.0,1.74,0.78,0.21,1.81,9.606052,0.61,2.51,1287.0,2
12.33,1.91,2.57,26.0,78.0,1.91,0.5,0.59,1.21,7.076773,0.494,1.43,633.0,1
12.93,1.34,1.79,14.2,89.0,1.66,1.21,0.3,1.53,4.023969,0.674,2.43,377.0,2
12.8,3.48,2.2,20.1,103.0,1.53,0.71,0.58,1.29,9.193859,0.596,1.63,384.0,1
13.42,1.35,2.36,16.7,118.0,3.6,4.67,0.17,2.17,4.00924,1.272,3.9,1259.0,0
12.08,1.43,2.35,24.2,74.0,1.95,1.21,0.48,1.55,4.158202,1.186,3.14,681.0,1
12.37,1.31,2.92,24.5,97.0,2.03,1.6,0.63,1.49,2.645605,1.339,3.66,356.0,2
13.53,1.54,2.37,20.9,113.0,3.18,3.08,0.19,1.6,7.619995,0.793,3.61,1210.0,0
11.85,1.23,2.46,17.5,113.0,2.59,2.61,0.42,1.72,2.277129,0.957,2.62,1033.0,2
13.81,1.77,2.39,17.7,107.0,2.91,2.06,0.31,1.96,7.790316,0.966,2.18,1127.0,2
12.55,2.15,2.38,21.4,90.0,1.73,0.7,0.39,1.03,8.003367,0.567,1.41,313.0,2
13.43,4.9,2.24,22.4,100.0,1.4,1.01,0.58,1.14,7.311703,0.879,1.59,711.0,0
13.15,3.46,2.71,24.9,85.0,1.83,0.79,0.45,0.96,3.523624,0.818,3.1,303.0,1
11.64,1.08,2.11,22.4,84.0,1.67,1.6,0.36,1.18,2.108316,1.131,3.78,293.0,1
13.95,1.51,2.22,13.8,101.0,2.71,0.87,0.33,1.39,5.016673,1.254,3.4,517.0,0
13.39,1.7,2.45,21.5,89.0,2.75,2.51,0.48,2.0,7.28683,0.608,3.42,583.0,1
12.01,1.94,2.39,21.9,106.0,2.74,3.49,0.35,1.74,3.418638,1.143,3.36,420.0,1
13.27,4.68,2.56,22.3,110.0,1.72,1.77,0.33,1.5,5.248653,0.905,2.11,426.0,0
13.29,3.39,2.86,19.1,110.0,2.47,1.55,0.45,1.64,7.15109,0.947,3.19,843.0,2
12.12,2.38,1.94,16.5,96.0,2.62,3.69,0.3,1.71,4.83486,1.003,1.55,641.0,1
12.26,1.88,2.22,17.7,92.0,1.66,0.52,0.49,1.46,3.406701,0.738,1.66,900.0,2
12.56,4.5,2.3,22.6,100.0,1.79,0.61,0.49,1.45,4.938903,0.982,1.3,311.0,1
12.61,1.58,2.27,20.7,96.0,2.06,2.2,0.33,1.53,4.173769,1.045,3.08,1189.0,0
12.44,3.82,2.13,19.4,103.0,2.57,1.46,0.27,1.33,4.060111,1.059,2.41,468.0,1
12.86,1.39,2.3,19.7,101.0,2.3,2.26,0.27,2.0,5.027344,0.917,2.52,565.0,0
12.49,3.81,2.42,24.8,101.0,1.91,0.73,0.62,1.73,3.45522,0.95,2.34,329.0,1
13.29,2.52,2.43,18.4,142.0,3.02,3.62,0.38,1.77,4.670228,1.205,3.49,1173.0,0
13.07,1.93,2.25,15.1,110.0,2.56,2.92,0.23,1.64,6.345753,0.995,3.72,1576.0,0
12.52,0.98,1.9,15.6,105.0,2.32,2.48,0.31,1.71,3.589153,0.895,3.0,669.0,1
12.76,3.01,2.38,16.0,99.0,2.0,1.46,0.45,1.31,6.401465,0.972,2.31,1173.0,0
13.78,1.4,2.49,18.6,114.0,1.92,0.69,0.43,1.51,5.936749,0.914,1.55,1263.0,2
13.03,1.0,2.64,22.5,90.0,2.18,1.76,0.44,1.52,7.163699,1.061,2.33,599.0,1
12.87,1.7,2.4,18.1,83.0,1.68,0.73,0.43,1.15,4.188193,0.758,1.51,517.0,1
13.58,3.39,2.25,20.3,90.0,2.45,2.32,0.42,1.6,4.970067,0.77,2.92,364.0,1
13.04,0.92,2.31,19.3,80.0,1.81,1.4,0.34,1.07,3.78975,0.799,1.7,323.0,1
12.32,1.14,2.66,21.2,91.0,1.53,0.93,0.48,0.82,6.114416,0.869,1.42,562.0,1
12.59,2.41,2.08,16.7,95.0,1.7,1.02,0.4,1.66,5.231863,1.029,1.85,721.0,0
12.77,4.05,2.72,24.6,113.0,1.99,1.24,0.23,2.01,9.380519,0.668,1.78,564.0,0
13.2,1.83,2.35,15.1,105.0,3.74,2.71,0.15,1.25,4.965371,0.923,3.76,1219.0,0
12.97,1.5,1.87,16.4,94.0,2.27,1.88,0.31,1.62,2.879771,0.996,2.19,442.0,1
12.94,4.71,2.51,23.5,111.0,1.14,0.64,0.5,1.15,5.076969,0.657,1.5,629.0,2
14.03,1.47,1.94,17.2,105.0,2.86,1.73,0.39,1.52,5.073493,1.182,2.37,550.0,1
14.55,0.89,2.4,14.1,103.0,3.07,4.04,0.19,2.39,3.816489,1.584,3.79,968.0,0
11.99,1.37,2.46,21.7,77.0,1.91,1.73,0.41,1.22,2.816242,1.198,2.75,295.0,1
13.46,1.47,2.48,23.7,85.0,2.05,2.18,0.37,1.76,5.752408,1.135,2.09,588.0,2
11.85,2.75,2.43,24.2,101.0,1.45,1.12,0.45,1.01,2.054979,0.743,2.27,652.0,2
12.05,1.12,2.33,19.0,90.0,1.57,1.66,0.5,1.58,2.5407,1.015,1.79,669.0,2
12.73,1.2,1.97,22.5,80.0,1.45,0.82,0.48,1.75,2.104903,0.936,1.74,322.0,1
13.15,3.08,2.25,18.2,87.0,1.97,2.47,0.27,1.86,4.812351,0.953,2.58,576.0,0
13.05,1.21,2.44,22.1,123.0,3.54,3.6,0.14,2.52,6.501995,0.73,2.69,782.0,1
13.03,1.46,2.68,23.2,109.0,1.34,1.0,0.31,1.41,3.767028,0.923,2.1,510.0,2
12.49,1.1,1.78,18.2,80.0,2.44,2.24,0.21,1.56,2.338549,1.187,3.59,614.0,1
14.37,0.97,2.77,16.3,110.0,3.71,3.97,0.25,1.75,7.793033,0.976,3.56,1170.0,0
13.54,1.1,2.87,21.5,117.0,3.08,2.17,0.46,2.11,9.328564,0.769,1.37,913.0,0
12.96,2.45,2.37,19.1,89.0,2.47,1.18,0.47,1.94,4.669965,1.012,2.1,599.0,1
12.96,2.51,2.12,20.1,77.0,2.46,1.33,0.38,1.53,4.315748,0.903,2.19,547.0,2
12.56,1.25,1.96,16.3,72.0,2.54,2.31,0.4,1.9,2.864985,1.423,3.83,377.0,1
12.16,0.89,1.64,15.3,86.0,2.74,2.61,0.13,1.67,4.203349,1.211,3.49,748.0,1
13.26,2.85,2.3,17.0,99.0,1.87,1.31,0.26,1.58,6.556181,0.882,2.32,558.0,2
11.8,0.94,1.83,16.4,89.0,2.48,2.18,0.23,1.35,1.887782,1.133,2.89,286.0,1
13.64,3.89,2.23,15.5,105.0,3.34,3.14,0.2,1.47,11.157267,0.672,1.86,1226.0,0
12.72,2.26,1.82,19.7,76.0,2.32,1.73,0.33,1.8,2.144223,0.938,2.87,361.0,2
13.94,2.89,2.66,19.5,96.0,2.11,2.31,0.28,1.78,10.112977,0.914,1.52,1374.0,0
12.44,3.28,2.43,18.2,87.0,1.89,0.9,0.55,1.8,6.168772,0.693,2.42,641.0,2
13.05,1.54,2.37,24.4,107.0,2.05,3.01,0.4,1.86,3.811339,0.961,2.64,577.0,1
13.93,2.33,2.21,19.3,91.0,1.58,0.76,0.38,1.33,6.559926,0.723,1.48,923.0,0
12.39,3.34,2.76,23.6,90.0,1.87,1.33,0.64,1.16,4.316658,1.1,1.91,1007.0,1
13.73,4.14,2.55,15.9,93.0,2.43,1.21,0.39,0.81,5.350557,0.645,3.05,481.0,2
12.97,2.93,2.36,21.9,83.0,1.39,1.1,0.53,1.04,11.108135,0.482,1.27,324.0,1
13.16,4.61,2.49,27.0,99.0,1.24,0.57,0.43,1.5,10.760298,0.486,1.68,313.0,0
12.21,3.82,2.21,21.1,102.0,2.89,2.22,0.33,1.66,3.023225,0.901,2.95,423.0,1
12.73,4.64,2.77,24.4,95.0,1.99,1.4,0.29,1.78,3.111919,0.785,2.25,557.0,2
12.22,1.55,2.48,21.6,79.0,2.48,1.14,0.45,1.46,7.866864,0.97,1.82,445.0,2
13.36,2.49,1.99,18.0,90.0,2.72,2.98,0.24,1.53,3.483313,1.073,3.24,776.0,0
12.58,3.45,2.36,23.4,100.0,1.31,0.97,0.27,1.43,6.835441,0.613,1.42,352.0,2
12.33,1.4,2.35,19.2,96.0,3.06,2.02,0.45,1.59,3.273217,1.218,3.62,485.0,2
12.5,1.91,2.56,18.2,91.0,2.04,1.34,0.52,1.44,7.053137,0.871,1.96,786.0,2
12.46,1.68,2.25,20.6,98.0,1.59,1.24,0.27,1.48,4.122596,1.02,1.92,1151.0,1
11.48,1.03,2.39,19.1,80.0,2.57,2.17,0.24,1.49,1.936205,1.163,3.68,449.0,1
11.92,2.03,2.39,20.0,87.0,2.11,1.23,0.47,1.03,3.20877,0.854,2.61,376.0,1
12.88,1.28,2.52,21.4,83.0,2.21,2.73,0.44,1.65,3.567932,1.257,3.43,338.0,1
13.01,0.91,2.48,17.7,136.0,2.69,3.68,0.17,1.94,4.552946,1.184,3.25,1124.0,0
14.34,1.91,2.91,19.2,137.0,2.8,3.09,0.37,1.83,5.214561,0.939,3.31,1301.0,0
13.72,0.9,2.2,15.6,117.0,3.5,4.58,0.13,1.55,2.975372,1.196,3.57,1242.0,0
11.11,2.12,2.31,26.2,87.0,1.5,0.99,0.43,1.29,3.247355,0.541,1.95,279.0,1
12.17,2.06,1.86,17.2,107.0,2.38,1.61,0.33,1.58,3.866779,1.179,2.33,353.0,2
13.66,3.72,2.74,18.6,116.0,2.54,2.89,0.26,2.01,8.870241,0.871,3.33,1201.0,0
13.88,1.0,2.28,14.3,93.0,3.24,2.11,0.37,1.7,7.429537,1.124,3.45,564.0,0
13.45,1.07,2.27,13.7,120.0,3.51,4.51,0.21,1.73,3.991024,1.44,3.83,712.0,2
13.37,3.4,2.6,21.6,91.0,2.57,1.5,0.35,1.77,5.994171,0.858,2.15,1336.0,2
13.27,1.47,2.39,19.5,85.0,1.36,0.71,0.56,1.28,4.443817,0.945,3.04,654.0,2
12.24,3.63,2.44,20.6,106.0,2.6,2.62,0.36,1.48,5.982116,0.759,1.96,881.0,1
13.1,0.9,2.12,17.0,115.0,3.14,2.64,0.37,1.73,4.818637,1.384,2.66,1206.0,1
13.33,3.12,2.91,28.4,93.0,3.2,1.65,0.58,1.64,3.022003,1.019,2.87,905.0,0
13.53,3.48,2.86,21.8,102.0,2.75,2.47,0.57,1.69,4.808756,0.99,3.24,989.0,0
13.29,3.37,1.81,19.6,82.0,1.91,1.4,0.41,1.46,2.743955,0.998,2.88,637.0,2
13.74,3.79,2.42,17.1,120.0,2.34,1.98,0.34,1.85,6.004769,0.798,3.31,844.0,0
11.63,2.07,2.04,17.5,80.0,1.84,0.88,0.28,1.79,3.916654,1.313,2.46,634.0,1
13.89,1.08,2.54,24.3,82.0,2.39,1.1,0.48,1.42,7.511876,0.727,1.39,351.0,1
13.35,2.62,2.47,21.0,101.0,2.5,3.67,0.26,1.84,6.717413,1.056,2.26,1661.0,2
12.79,1.72,2.2,15.2,114.0,2.1,1.91,0.32,1.45,4.527126,1.278,3.17,959.0,0
11.39,0.9,2.05,21.5,96.0,2.21,2.09,0.44,1.68,3.008972,0.868,1.53,577.0,1
11.55,0.91,2.59,22.4,104.0,2.26,2.72,0.43,1.51,2.734766,1.174,2.6,380.0,1
12.91,2.54,2.28,17.8,104.0,2.18,1.71,0.18,1.27,4.754687,0.949,2.44,772.0,2
12.31,3.55,2.19,21.7,89.0,2.97,3.01,0.33,2.16,3.358117,0.901,2.27,505.0,2
12.85,1.43,2.43,21.5,95.0,1.18,0.87,0.46,1.23,2.753316,0.863,2.44,586.0,1
12.59,1.82,2.57,22.0,89.0,2.65,2.77,0.2,1.89,4.282678,0.799,2.16,377.0,1
13.87,1.24,2.12,15.8,111.0,2.38,2.99,0.39,1.61,4.662285,1.265,3.82,684.0,1
13.09,0.95,2.32,17.2,88.0,2.31,1.36,0.33,1.52,5.704299,0.973,2.01,1189.0,2
13.4,2.14,2.57,21.1,105.0,3.22,3.87,0.21,2.33,5.366895,1.31,3.59,1425.0,2
12.16,2.29,2.17,19.5,90.0,1.81,2.69,0.28,1.61,4.623155,1.033,2.81,701.0,1
13.68,2.52,2.65,22.1,110.0,2.96,2.81,0.28,2.21,6.930006,0.912,2.7,1090.0,0
13.27,2.37,2.12,17.4,98.0,3.14,3.57,0.26,1.68,2.042939,1.305,3.68,546.0,1
13.23,3.98,2.86,24.9,113.0,1.93,0.79,0.49,1.77,6.691288,0.48,1.68,938.0,2
12.7,4.95,2.41,26.0,95.0,1.27,0.53,0.65,1.69,4.99991,0.655,1.35,342.0,1
14.3,3.06,2.04,14.8,100.0,2.42,2.27,0.47,1.88,8.415844,0.884,2.34,792.0,0
12.77,3.87,2.42,19.0,107.0,2.54,0.72,0.3,1.72,7.038221,0.576,1.41,685.0,2
13.61,1.65,2.38,17.7,96.0,2.32,2.65,0.33,1.81,6.989778,0.787,1.69,397.0,1
13.3,1.63,2.44,18.9,95.0,2.56,0.82,0.56,1.77,5.498751,0.842,2.36,1129.0,2
13.08,1.97,2.9,19.3,103.0,1.54,2.21,0.4,1.8,3.416637,1.324,2.59,1199.0,0
14.02,1.9,2.27,15.9,105.0,3.26,4.6,0.37,2.12,7.825305,0.819,3.95,876.0,1
13.07,4.09,2.57,23.0,113.0,1.93,2.28,0.31,2.01,4.550813,0.984,1.92,644.0,2
14.31,0.9,2.35,17.3,107.0,3.02,2.52,0.32,1.87,5.24647,0.961,3.06,1161.0,2
13.16,2.15,2.18,17.4,92.0,1.99,0.81,0.35,1.87,7.609772,0.773,1.49,684.0,2
13.04,0.89,2.58,14.7,81.0,3.33,3.57,0.33,1.56,3.474981,1.431,3.2,764.0,1
12.35,2.94,2.45,23.4,112.0,1.46,1.01,0.34,1.26,4.65978,0.815,3.14,754.0,1
13.5,1.56,2.35,19.4,88.0,1.79,0.59,0.54,1.26,7.555842,0.954,1.44,444.0,2
13.79,2.83,2.6,15.7,98.0,3.45,4.2,0.2,2.48,7.614068,1.045,3.07,986.0,0
13.64,0.91,2.6,18.8,90.0,2.4,3.03,0.47,2.36,3.722918,1.159,3.8,425.0,1
13.14,1.39,2.35,14.6,97.0,1.5,1.82,0.34,1.78,7.104008,0.67,1.74,1216.0,0
13.48,3.06,2.23,13.5,99.0,2.48,2.88,0.23,1.67,5.084408,1.034,2.81,1298.0,2
14.13,2.04,2.11,14.5,122.0,1.91,1.11,0.16,2.04,11.475884,0.797,1.29,1143.0,0
11.69,1.04,2.67,18.4,94.0,2.87,4.12,0.2,1.4,2.759292,1.378,3.51,747.0,1
12.09,0.89,2.38,22.3,110.0,2.62,4.27,0.22,1.9,1.932915,1.359,4.0,650.0,1
11.66,1.01,2.08,24.3,88.0,1.81,0.53,0.23,1.05,1.771931,1.383,2.3,358.0,1
13.73,2.37,2.73,20.1,102.0,3.44,2.7,0.19,1.93,4.377062,0.728,3.28,490.0,0
13.13,4.82,2.44,22.3,120.0,2.44,2.72,0.32,1.59,2.611881,1.195,3.88,610.0,0
11.97,3.38,2.33,22.9,112.0,1.58,1.03,0.27,1.79,5.837168,0.551,2.13,509.0,2
13.08,2.47,2.0,18.3,96.0,1.85,2.83,0.25,2.0,3.290198,1.065,2.89,912.0,2
13.59,1.65,2.37,16.3,92.0,1.97,1.91,0.46,1.33,10.301439,0.801,2.5,1202.0,0
13.23,3.23,1.99,16.8,90.0,1.85,0.64,0.38,1.31,8.623738,0.659,2.23,672.0,1
11.81,1.3,1.92,17.1,103.0,1.37,0.89,0.28,1.42,2.974036,1.208,2.55,353.0,0
13.71,1.2,1.85,12.1,77.0,1.6,1.23,0.31,1.59,6.488878,1.024,1.88,1356.0,2
11.44,1.41,2.65,26.1,88.0,2.33,1.41,0.39,1.68,2.862243,0.776,2.95,318.0,1
12.95,1.25,2.7,21.8,112.0,1.62,0.99,0.23,1.7,5.808609,0.797,2.18,669.0,0
12.43,2.96,2.38,21.6,92.0,1.31,0.57,0.44,1.1,3.628411,0.814,1.3,401.0,2
13.12,1.7,2.04,25.3,87.0,1.68,1.9,0.37,1.61,5.142727,0.594,2.73,366.0,1
12.38,2.28,2.33,22.9,90.0,2.03,1.89,0.51,1.55,3.666832,1.115,3.39,637.0,1
13.3,1.0,1.88,15.4,89.0,1.75,0.59,0.57,1.53,5.512669,0.882,1.92,327.0,2
12.97,3.06,2.31,17.3,111.0,2.39,3.92,0.25,1.97,7.658724,0.692,3.13,1097.0,0
13.57,0.92,2.29,18.4,98.0,1.53,1.44,0.42,1.99,3.488703,1.018,1.84,781.0,2
12.56,2.61,2.54,20.7,102.0,2.12,1.94,0.45,1.95,5.754998,0.616,3.03,360.0,0
14.48,2.2,2.31,16.0,108.0,1.7,1.98,0.38,1.61,6.709293,0.85,3.12,1317.0,0
13.67,2.0,1.91,16.0,100.0,2.4,0.93,0.36,1.8,3.497725,0.909,2.4,767.0,2
13.6,5.47,1.9,16.6,84.0,1.74,1.11,0.27,1.57,6.592818,0.856,1.84,1045.0,2
12.57,4.84,2.26,17.5,102.0,1.73,0.76,0.57,1.19,2.804358,0.801,1.46,324.0,1
13.72,3.41,2.58,23.2,101.0,1.5,0.53,0.33,1.54,6.361724,0.725,1.95,958.0,0
14.45,2.32,2.21,15.6,90.0,3.07,2.52,0.22,1.75,3.052022,1.263,3.96,1238.0,0
12.51,1.65,2.26,17.6,105.0,2.16,1.38,0.41,1.42,2.976846,0.621,1.66,689.0,2
12.96,1.34,2.69,26.0,88.0,2.0,0.63,0.43,1.29,6.10521,0.879,1.58,802.0,1
13.59,3.05,2.21,20.9,89.0,1.24,0.57,0.56,1.12,4.401407,0.851,2.0,1025.0,0
12.17,3.65,2.34,23.1,92.0,2.02,0.7,0.58,1.64,6.32419,0.761,1.41,295.0,1
13.57,4.93,2.86,26.5,107.0,2.75,2.15,0.53,1.85,6.871651,1.386,2.76,1472.0,0
12.99,2.79,1.9,16.9,96.0,2.35,0.77,0.34,1.58,7.482547,0.755,1.43,402.0,1
13.96,0.92,2.65,12.8,140.0,3.25,4.49,0.37,1.93,4.357964,1.426,3.48,1606.0,0
11.98,1.12,2.27,20.0,82.0,1.82,1.41,0.2,1.31,4.347857,0.61,2.57,655.0,1
13.54,0.91,2.47,18.0,89.0,2.93,1.63,0.32,1.5,2.881179,1.195,2.86,1258.0,0
13.26,0.98,2.54,16.8,108.0,2.92,2.55,0.5,1.74,3.688493,1.258,3.68,1568.0,0
13.06,1.71,2.66,21.8,96.0,2.82,1.63,0.25,1.47,3.730378,1.21,2.6,1050.0,1
13.21,1.92,2.26,17.5,118.0,1.39,1.66,0.46,1.67,4.389615,1.081,2.04,588.0,2
12.83,2.36,2.67,24.5,92.0,2.0,1.84,0.19,1.65,3.476524,0.958,2.92,599.0,1
11.85,1.21,2.21,17.2,98.0,2.8,2.25,0.39,1.53,1.974749,1.461,3.77,611.0,1
12.61,3.23,2.6,20.4,98.0,2.0,0.84,0.51,1.79,7.670421,0.626,2.33,524.0,0
12.98,1.49,2.13,16.3,103.0,2.75,2.41,0.27,1.88,3.215687,0.863,2.4,985.0,2
12.17,1.18,2.21,21.2,88.0,1.79,1.21,0.43,1.41,4.254398,0.851,2.37,454.0,1
12.37,2.47,2.3,22.8,90.0,2.21,2.05,0.17,2.08,3.413484,0.958,3.02,407.0,1
11.05,3.34,2.13,29.7,77.0,1.15,0.53,0.54,0.97,1.805309,0.894,1.97,278.0,1
13.6,1.38,2.51,15.3,109.0,2.17,2.64,0.25,1.36,3.958931,1.233,3.59,1384.0,0
11.42,5.3,2.46,27.0,96.0,1.52,0.54,0.57,1.38,2.826383,0.649,1.4,472.0,1
12.34,2.42,2.27,25.5,81.0,2.19,1.45,0.43,1.04,4.384738,1.003,3.2,763.0,1
12.97,2.85,2.25,14.0,90.0,3.03,3.59,0.25,1.96,2.880416,1.135,3.73,790.0,0
12.19,3.2,2.64,20.6,96.0,2.98,2.71,0.43,1.55,2.525096,1.077,2.36,725.0,1
13.86,3.23,2.68,21.9,87.0,2.39,1.9,0.45,1.91,5.239044,0.776,3.12,1008.0,0
13.13,2.52,2.3,19.4,96.0,2.03,0.9,0.44,1.06,9.567926,0.613,2.05,948.0,2
12.82,1.22,2.4,18.5,83.0,2.59,2.75,0.39,1.76,3.391707,1.49,3.04,1188.0,0
12.91,2.22,2.32,18.1,109.0,2.72,2.49,0.33,2.0,5.171498,0.859,2.92,1006.0,1
14.22,4.73,2.57,22.2,126.0,2.17,0.81,0.14,1.54,9.47105,0.545,1.34,764.0,0
13.38,1.76,2.16,20.6,86.0,1.85,1.59,0.52,1.51,3.789785,1.125,1.91,344.0,1
12.34,0.93,2.52,20.2,99.0,1.99,1.81,0.26,1.89,7.32234,0.782,1.91,950.0,1
12.34,3.14,2.34,20.7,94.0,2.09,1.16,0.38,1.93,3.646277,0.944,3.13,818.0,2
12.71,4.22,2.0,16.6,83.0,1.6,0.71,0.49,1.63,2.463857,1.087,3.26,531.0,1
13.74,1.57,2.41,17.1,120.0,1.94,1.74,0.43,1.92,2.330072,1.138,3.19,1303.0,0
13.87,2.84,2.3,16.2,92.0,3.44,2.41,0.33,2.5,4.365075,1.0,3.98,1349.0,0
13.48,1.49,2.15,20.8,85.0,1.99,0.86,0.36,1.91,5.839016,0.847,3.34,503.0,2
12.4,2.53,2.23,13.0,89.0,2.11,1.39,0.2,1.5,3.624854,1.126,3.43,622.0,1
11.38,0.98,2.21,18.5,88.0,1.79,1.75,0.35,1.18,3.783903,1.241,1.66,367.0,1
13.3,2.62,2.49,19.6,114.0,1.74,1.52,0.37,1.42,8.942161,1.038,1.82,1066.0,0
13.75,4.57,1.99,17.5,115.0,1.75,1.86,0.24,1.83,4.763865,0.848,1.84,518.0,0
12.67,4.37,2.37,20.8,92.0,2.32,2.67,0.32,1.75,3.581798,0.948,3.16,574.0,0
13.66,3.42,2.64,18.3,121.0,2.33,0.68,0.3,1.31,5.478104,0.779,2.61,1133.0,2
13.22,4.44,2.81,21.8,125.0,2.92,2.49,0.46,1.8,5.134275,0.897,2.65,1006.0,2
13.02,0.91,2.62,21.1,95.0,1.5,1.03,0.37,1.1,3.561075,1.017,1.4,1083.0,2
13.82,4.77,2.64,21.3,100.0,1.42,0.55,0.42,1.59,7.848679,0.667,1.6,812.0,2
14.45,3.01,2.26,12.8,140.0,2.98,2.73,0.25,1.75,9.153026,0.878,3.17,1338.0,0
13.38,4.59,2.16,20.5,85.0,2.66,1.41,0.28,1.81,2.215072,1.147,3.58,960.0,0
12.83,1.74,2.34,18.2,97.0,2.04,1.34,0.36,1.45,3.223838,1.262,2.34,1243.0,0
14.58,1.76,2.66,17.4,117.0,2.02,1.99,0.29,2.09,13.0,0.566,2.11,1614.0,0
14.15,1.28,3.23,18.9,108.0,2.39,2.02,0.52,1.59,9.474981,1.006,2.83,1510.0,0
12.09,2.11,2.5,19.3,79.0,1.72,1.2,0.4,1.13,2.018299,1.147,3.12,652.0,1
11.91,1.63,2.55,19.5,109.0,3.42,4.18,0.49,2.06,5.097887,0.871,2.31,781.0,1
13.61,1.44,2.94,20.5,124.0,1.99,1.63,0.39,1.52,10.905361,0.671,1.8,592.0,2
12.24,2.14,2.52,20.7,111.0,2.23,0.81,0.2,1.55,6.109692,0.734,1.92,375.0,1
13.55,1.7,2.4,16.1,115.0,3.37,3.62,0.23,1.79,3.143114,1.001,3.35,1034.0,0
13.08,1.33,1.93,16.6,98.0,1.75,1.07,0.3,1.55,2.411088,0.776,1.96,683.0,1
13.13,4.7,2.2,20.2,85.0,1.71,1.56,0.49,1.47,4.22904,0.888,3.38,632.0,1
12.57,1.74,2.43,27.0,107.0,2.33,1.1,0.46,1.65,2.798474,0.993,1.89,416.0,2
12.56,2.79,1.82,15.8,91.0,2.06,1.16,0.36,2.02,6.080965,0.665,2.99,446.0,2
11.95,1.5,1.97,21.5,90.0,1.95,1.94,0.23,1.76,3.267716,1.079,2.17,725.0,1
14.75,4.94,2.43,19.6,116.0,2.33,0.93,0.17,1.51,12.300485,0.523,1.8,1394.0,0
12.5,1.09,2.26,20.8,79.0,1.87,1.14,0.5,1.63,3.674236,0.873,2.92,567.0,2
13.1,3.82,2.35,23.1,83.0,1.69,0.8,0.63,1.13,3.575457,0.9,2.32,360.0,1
13.85,2.2,1.75,16.9,106.0,1.81,1.43,0.23,2.05,6.048718,0.853,2.27,784.0,2
14.09,2.51,2.61,21.8,106.0,1.8,1.7,0.37,1.29,9.717815,0.583,2.28,1111.0,0
12.04,2.54,2.44,26.6,102.0,2.0,2.11,0.44,1.4,3.638728,0.983,2.62,312.0,2
13.54,2.68,2.11,15.2,80.0,3.18,2.67,0.17,2.1,7.274307,1.016,3.0,1202.0,0
13.46,1.92,2.3,16.4,98.0,3.03,2.17,0.26,1.58,4.487201,1.014,3.32,675.0,2
12.91,0.97,2.38,15.0,107.0,3.43,4.33,0.17,1.82,3.693095,1.209,2.57,701.0,2
12.5,0.93,2.47,18.6,107.0,2.95,4.08,0.34,2.09,4.454532,0.965,3.48,765.0,1
12.66,4.14,2.08,21.0,79.0,1.6,0.95,0.25,1.2,6.628575,0.835,2.82,651.0,0
13.39,2.54,2.55,20.0,90.0,2.01,1.12,0.28,1.78,3.990446,0.967,3.26,847.0,2
13.21,0.91,2.82,18.1,117.0,1.65,1.74,0.44,1.45,4.695864,0.98,1.43,624.0,2
14.52,2.76,2.5,17.4,99.0,2.19,1.34,0.34,2.25,8.048981,0.838,3.17,1359.0,2
12.43,3.27,2.83,26.1,105.0,2.95,2.57,0.43,2.03,3.251896,1.28,2.6,895.0,1
14.39,2.86,2.11,15.3,92.0,2.49,1.04,0.22,1.82,10.786499,0.786,2.2,411.0,2
12.04,1.17,2.01,19.8,93.0,2.7,1.96,0.4,1.81,2.000624,1.4,3.69,519.0,1
13.28,0.9,2.35,16.5,121.0,3.1,3.24,0.28,2.44,3.283954,1.393,2.25,1287.0,0
13.18,5.41,2.8,22.0,96.0,1.27,0.48,0.62,1.08,5.414348,0.508,1.33,486.0,2
14.28,3.3,2.92,18.8,108.0,2.77,1.67,0.38,1.89,7.269473,1.108,2.69,1311.0,0
13.11,3.98,2.67,26.0,99.0,1.93,1.56,0.38,2.05,9.000947,0.549,1.39,539.0,1
13.55,1.94,2.06,18.6,92.0,2.57,2.78,0.38,1.79,9.089497,0.813,2.7,707.0,2
13.35,2.85,2.38,18.2,89.0,1.81,0.83,0.32,1.29,6.497528,0.777,3.1,1003.0,0
13.09,1.1,1.83,14.6,83.0,2.61,0.91,0.35,1.5,7.555391,0.888,1.31,784.0,1
13.63,2.01,2.29,14.0,121.0,3.47,3.68,0.25,2.26,8.415084,1.054,3.23,377.0,1
12.82,4.53,2.5,22.5,103.0,3.23,3.79,0.22,1.62,3.598644,0.892,3.68,1021.0,0
14.54,4.34,2.31,16.4,108.0,3.39,2.56,0.33,2.18,10.91725,0.729,2.26,1634.0,2
12.54,4.93,2.1,25.0,84.0,1.34,0.78,0.42,1.2,4.143054,0.547,1.73,313.0,2
12.14,0.94,2.23,21.2,84.0,2.51,2.67,0.41,1.24,5.306559,0.947,3.27,440.0,1
14.07,1.04,2.28,15.5,100.0,3.06,3.96,0.25,1.78,4.427827,1.289,3.62,1233.0,0
11.53,1.23,2.19,16.0,82.0,1.74,0.94,0.42,1.77,2.242655,0.925,2.93,386.0,1
13.03,1.33,2.3,20.0,88.0,2.29,1.23,0.34,1.11,3.789411,0.957,2.85,655.0,1
12.2,1.06,2.59,24.6,99.0,2.66,2.73,0.27,1.83,3.762449,0.652,2.78,378.0,2
13.5,3.23,2.62,20.3,92.0,2.16,2.12,0.22,1.72,5.561246,0.819,2.72,661.0,2
13.78,2.5,2.09,20.4,96.0,2.23,1.08,0.38,1.62,9.840638,0.674,2.09,1483.0,0
12.6,1.27,2.22,18.2,116.0,2.87,2.75,0.29,1.44,4.483175,1.087,2.47,1022.0,0
13.13,2.31,2.49,19.0,89.0,2.35,1.19,0.23,2.02,8.311771,0.649,3.06,1271.0,0
11.82,0.98,2.42,20.0,95.0,2.8,2.72,0.58,2.14,3.544421,0.973,3.4,766.0,2
12.91,3.85,2.4,20.7,91.0,1.21,0.47,0.42,1.14,5.380171,0.781,1.3,430.0,2
12.77,1.09,2.27,18.2,86.0,1.57,1.03,0.36,1.28,3.442678,0.834,1.76,479.0,1
12.45,2.91,2.3,23.4,108.0,2.5,1.46,0.51,1.66,2.588625,0.876,3.57,319.0,2
14.48,1.13,2.71,17.8,111.0,2.0,3.64,0.26,2.25,8.721363,0.974,3.09,1121.0,0
11.91,0.9,1.99,18.7,90.0,2.78,4.47,0.22,1.79,2.30851,1.309,3.95,301.0,1
12.68,1.88,2.53,21.4,85.0,2.3,1.98,0.5,1.56,3.355115,0.868,2.29,620.0,2
13.98,1.08,2.22,13.8,97.0,2.78,3.62,0.23,2.24,4.717045,1.128,3.09,1035.0,0
12.96,3.21,2.43,20.6,106.0,3.18,1.89,0.32,1.88,7.525567,0.934,3.44,791.0,0
13.5,5.62,3.01,25.7,103.0,2.17,1.16,0.56,1.61,7.830297,0.642,1.84,1087.0,0
12.61,1.14,2.31,16.2,80.0,2.76,2.45,0.38,1.23,3.352739,1.429,3.93,768.0,1
11.83,1.04,2.36,21.3,106.0,1.52,2.17,0.36,2.0,3.367832,0.894,2.31,475.0,1
12.34,0.91,2.38,20.1,86.0,2.62,1.31,0.28,1.77,3.073173,0.964,2.79,551.0,1
14.0,1.32,2.29,16.3,100.0,2.79,1.27,0.19,1.84,7.811717,0.671,2.27,1344.0,0
13.04,1.96,2.26,18.6,100.0,1.6,0.87,0.28,1.53,5.913535,0.875,1.3,976.0,1
11.42,0.98,2.55,20.3,92.0,3.07,3.29,0.22,1.46,2.899275,1.188,3.67,352.0,1
13.45,1.32,2.55,16.3,105.0,1.53,1.08,0.39,1.51,8.564298,0.787,1.31,695.0,0
12.33,4.1,2.62,24.0,127.0,2.95,4.06,0.27,1.75,2.739226,1.212,3.79,1003.0,2
13.19,1.72,2.53,23.4,106.0,1.75,0.81,0.46,1.96,8.574946,1.001,1.59,693.0,2
12.91,2.79,2.55,22.2,107.0,1.54,0.66,0.38,1.62,9.406242,0.512,1.29,604.0,1
12.64,1.62,2.2,17.8,90.0,1.74,0.93,0.34,1.38,3.269906,1.307,1.57,449.0,2
14.14,3.49,2.52,18.2,102.0,2.56,1.2,0.34,1.98,5.194491,1.029,2.82,1247.0,0
14.19,3.83,2.67,17.7,127.0,3.11,2.82,0.26,1.67,7.170544,1.037,3.01,1462.0,0
12.69,2.79,2.17,19.3,103.0,2.69,1.15,0.27,1.75,2.315487,0.808,3.64,622.0,2
12.27,3.8,2.25,25.3,75.0,1.62,0.51,0.5,1.32,4.207293,0.52,1.72,294.0,1
12.03,1.16,2.49,21.6,120.0,3.58,4.38,0.21,1.99,2.931423,1.224,3.58,593.0,2
14.46,2.31,2.25,15.5,84.0,2.7,1.71,0.38,1.44,7.215535,0.951,2.64,957.0,0
13.83,2.37,3.03,25.7,120.0,3.26,3.94,0.49,1.93,6.552268,1.374,3.68,762.0,0
11.64,1.14,1.8,21.7,81.0,1.54,2.14,0.47,1.69,2.284189,1.164,2.25,432.0,1
13.07,3.81,2.31,19.6,90.0,1.18,0.48,0.55,0.96,7.419966,0.634,1.27,561.0,2
13.44,4.36,2.13,18.6,104.0,1.94,0.59,0.41,1.19,10.303869,0.723,1.43,553.0,0
13.15,4.87,2.59,23.8,92.0,1.3,0.52,0.55,1.32,3.411706,0.87,1.3,657.0,1
13.37,2.11,2.33,21.8,107.0,2.44,1.76,0.5,1.61,5.666831,0.755,2.69,817.0,0
13.77,1.26,2.19,15.4,112.0,3.35,3.73,0.2,2.52,7.58246,1.292,3.64,1555.0,0
12.49,0.99,2.24,15.6,90.0,2.81,4.05,0.45,2.27,3.362316,1.568,2.7,1212.0,0
12.73,0.93,2.53,18.6,105.0,1.81,1.72,0.42,1.31,5.275306,0.959,1.97,721.0,1
14.27,1.72,2.56,21.2,89.0,2.16,0.8,0.39,1.28,2.748007,1.139,2.44,666.0,1
13.04,0.9,2.51,17.1,95.0,2.45,2.97,0.23,1.56,3.489761,1.129,2.73,854.0,0
14.1,1.0,2.7,20.7,94.0,2.53,1.52,0.3,1.68,8.713408,1.078,2.67,613.0,2
13.06,1.59,2.17,19.7,83.0,1.89,1.25,0.45,1.84,4.238126,1.189,2.95,694.0,1
11.12,1.77,2.15,19.9,82.0,1.78,1.23,0.65,1.25,1.790441,0.909,1.68,281.0,1
11.32,1.1,2.48,26.1,87.0,2.08,1.57,0.51,1.8,2.281785,1.147,2.46,280.0,1
11.34,0.9,2.01,19.2,94.0,2.21,2.74,0.33,1.95,1.756171,1.215,3.03,291.0,1
13.64,2.64,2.31,23.5,101.0,2.52,1.61,0.3,1.6,2.508239,1.227,3.3,856.0,2
12.18,1.59,2.25,16.8,91.0,2.09,2.97,0.43,1.58,2.578224,0.914,2.95,587.0,2
13.69,0.92,1.88,11.7,103.0,2.81,3.24,0.3,2.08,6.22307,1.072,2.8,1377.0,0
11.9,1.04,2.33,21.5,131.0,1.84,1.54,0.33,1.25,2.991272,1.029,1.64,313.0,1
12.26,1.21,2.26,24.4,84.0,1.6,1.17,0.47,1.36,3.971468,0.977,1.83,339.0,1
13.47,1.18,2.47,15.1,114.0,3.38,3.88,0.4,1.83,11.373326,0.699,2.48,1183.0,0
12.04,2.39,1.55,18.6,91.0,1.71,0.65,0.38,1.29,3.291482,0.703,1.45,472.0,1
13.39,2.85,1.8,18.5,102.0,1.66,1.13,0.36,1.27,4.652422,0.67,1.89,583.0,2
12.49,1.5,2.43,22.6,80.0,2.27,0.99,0.37,1.66,6.126619,0.613,1.51,492.0,2
14.06,5.0,2.52,15.1,132.0,2.91,2.78,0.27,2.21,6.970132,0.896,3.93,1601.0,0
13.15,3.13,2.39,18.1,89.0,2.68,2.77,0.35,2.12,3.87756,1.153,3.74,877.0,0
13.47,2.81,1.82,17.4,96.0,2.11,1.13,0.26,1.69,4.836106,0.822,2.03,778.0,2
12.39,1.98,1.93,19.6,97.0,2.99,4.06,0.22,1.99,2.949061,1.407,3.54,717.0,0
14.25,1.26,2.72,11.8,123.0,3.82,4.17,0.25,1.67,4.343022,1.377,3.98,1589.0,0
13.34,1.01,2.51,17.7,120.0,2.68,3.45,0.14,1.87,2.607714,1.148,3.03,956.0,0
12.24,2.14,2.35,22.3,82.0,1.2,0.51,0.66,1.06,3.424385,0.923,1.34,341.0,1
12.42,2.47,2.5,17.6,97.0,2.51,3.22,0.42,1.77,4.3621,1.014,3.43,308.0,1
13.58,2.1,2.64,15.9,126.0,2.7,1.82,0.31,1.49,9.624459,0.852,2.39,1276.0,0
13.22,2.21,2.92,25.7,89.0,1.77,0.92,0.62,1.39,4.97979,0.924,1.89,899.0,1
12.28,4.16,2.64,24.6,89.0,1.71,1.03,0.51,0.88,3.74864,1.005,1.68,472.0,2
13.54,3.64,2.55,22.1,109.0,1.72,1.22,0.32,1.86,10.613415,0.76,1.83,1354.0,0
12.71,1.52,2.1,16.9,94.0,2.88,4.19,0.26,1.82,2.889224,1.035,3.78,842.0,1
13.79,1.91,2.33,19.6,138.0,1.73,0.89,0.34,1.75,7.135881,0.962,1.45,1244.0,2
12.76,3.36,2.86,22.9,110.0,2.55,2.74,0.55,1.95,6.086674,0.829,3.54,412.0,1
13.2,1.39,2.63,22.8,107.0,2.15,0.89,0.5,1.07,5.074922,0.774,1.68,763.0,0
12.08,0.96,2.16,15.7,89.0,1.56,0.88,0.41,1.53,3.256395,1.149,1.61,565.0,1
12.5,1.09,2.0,23.6,82.0,2.31,2.13,0.36,1.93,1.871196,1.13,2.79,293.0,2
13.8,0.9,2.8,19.4,119.0,2.48,3.62,0.38,1.84,5.51874,1.171,2.73,1224.0,0
13.03,3.92,2.39,19.9,87.0,2.81,3.95,0.42,2.01,3.093195,1.253,3.98,304.0,2
13.0,1.5,2.72,22.9,99.0,3.11,3.2,0.25,1.81,4.002095,1.017,3.62,749.0,2
11.82,2.2,2.64,21.9,105.0,2.95,2.15,0.52,2.16,2.912658,1.086,2.11,600.0,1
11.97,1.88,2.17,21.3,100.0,2.14,2.05,0.23,1.52,2.035059,1.224,2.22,536.0,1
11.71,1.2,2.28,21.3,106.0,2.69,2.19,0.31,1.86,3.755196,1.154,2.7,864.0,1
13.36,1.66,2.11,21.4,131.0,2.39,1.84,0.19,1.98,4.69278,1.102,2.7,633.0,1
12.92,1.93,2.19,17.6,82.0,1.73,0.9,0.34,1.53,8.787246,0.77,1.6,798.0,0
13.22,3.35,2.12,17.6,94.0,1.91,1.69,0.42,1.52,4.7187,0.774,1.73,421.0,1
13.9,2.89,2.48,19.2,107.0,1.54,0.66,0.4,1.4,4.515916,0.793,1.34,703.0,2
13.71,3.18,2.68,21.5,96.0,2.72,2.29,0.34,1.67,7.660008,1.004,1.93,726.0,0
13.81,4.15,2.64,17.2,96.0,1.96,0.81,0.5,1.54,6.481591,0.855,1.83,968.0,0
13.03,5.8,1.94,20.0,84.0,1.32,0.73,0.55,1.05,8.6662,0.657,1.32,815.0,0
12.06,1.54,2.43,20.4,95.0,2.01,2.62,0.15,1.45,2.306848,1.46,2.53,936.0,2
12.45,1.34,1.96,13.0,100.0,2.18,3.21,0.14,2.04,2.036479,1.383,3.75,831.0,2
12.68,1.13,2.48,21.7,96.0,1.65,0.62,0.39,1.03,9.616531,0.638,1.37,404.0,1
14.55,3.07,2.72,18.5,109.0,2.35,2.46,0.46,1.92,11.910384,0.711,1.94,1355.0,0
11.83,3.18,2.38,19.8,86.0,1.88,1.21,0.53,1.59,2.390783,0.989,2.07,350.0,1
13.72,1.05,2.18,20.0,95.0,3.1,3.53,0.24,1.95,4.734608,1.234,3.67,418.0,0
13.9,3.86,3.01,21.9,135.0,3.44,3.12,0.36,2.16,7.592289,1.084,1.95,1322.0,0
13.1,1.24,2.18,19.9,85.0,2.46,2.09,0.42,1.82,5.998873,0.955,2.42,328.0,2
13.73,1.99,2.42,20.5,87.0,2.48,2.4,0.23,1.82,5.512197,0.647,1.41,732.0,2
13.86,2.18,2.35,20.3,108.0,1.52,0.59,0.32,1.46,10.872324,0.767,1.39,650.0,0
14.1,1.21,2.46,16.0,126.0,3.65,4.69,0.17,2.28,3.210754,1.071,4.0,1445.0,0
14.07,3.9,2.48,18.3,93.0,2.05,1.82,0.48,1.86,7.808418,0.887,2.14,1176.0,0
13.32,1.41,2.36,25.0,108.0,1.33,0.68,0.33,1.27,8.314805,0.942,1.57,522.0,2
13.43,3.19,2.23,17.5,90.0,1.63,0.63,0.42,1.34,2.969716,0.884,2.11,797.0,2
13.22,1.29,2.44,16.3,95.0,2.53,1.68,0.24,1.65,3.326441,1.121,3.37,511.0,0
12.27,4.39,2.12,24.0,112.0,1.44,1.29,0.38,1.77,3.266813,0.75,2.56,334.0,0
12.93,2.68,2.12,14.0,102.0,1.7,1.48,0.21,1.7,3.613747,0.871,3.32,655.0,1
14.51,3.55,2.69,22.9,132.0,2.5,3.07,0.34,1.47,10.731016,0.674,2.55,844.0,1
13.26,1.92,2.48,19.1,114.0,2.31,1.22,0.57,1.49,8.333109,0.748,1.92,780.0,2
12.02,1.1,1.66,18.0,89.0,1.71,1.0,0.28,1.69,5.892243,0.841,1.54,361.0,1
14.37,1.6,2.42,18.5,101.0,1.77,1.7,0.34,1.09,5.679537,0.88,2.03,687.0,0
13.67,3.16,2.89,21.6,134.0,3.15,3.38,0.42,1.9,6.938695,1.119,3.76,762.0,0
13.16,5.04,2.26,18.9,88.0,1.8,0.62,0.41,1.29,9.28572,0.594,1.61,1396.0,0
13.93,1.49,2.27,19.0,102.0,1.7,1.38,0.2,1.63,6.015738,0.8,2.54,1206.0,2
13.04,2.94,2.65,20.2,102.0,2.34,1.7,0.45,1.74,2.620677,1.396,2.68,1321.0,0
14.42,3.77,2.85,16.1,116.0,2.26,2.39,0.24,1.55,10.755572,0.908,2.94,1617.0,0
12.58,1.18,2.05,22.4,88.0,1.26,0.66,0.38,1.44,2.02343,1.253,1.92,282.0,1
11.8,1.4,2.15,15.7,79.0,1.87,2.14,0.27,1.8,2.534848,1.003,1.87,602.0,1
12.99,2.49,2.47,19.0,107.0,3.14,3.43,0.21,1.64,4.178495,0.765,3.72,814.0,0
13.06,1.72,2.06,18.4,106.0,2.87,3.53,0.3,2.45,5.776375,0.873,3.7,1435.0,2
12.84,1.41,1.54,14.5,83.0,2.12,0.73,0.21,1.54,3.877927,1.054,1.74,404.0,1
13.45,3.84,2.23,23.6,92.0,1.97,1.15,0.3,1.88,3.574861,0.734,2.3,494.0,2
13.47,2.78,2.38,16.3,104.0,2.58,2.31,0.35,2.45,9.173834,0.749,2.82,1636.0,0
12.78,2.59,2.3,16.4,95.0,2.92,2.52,0.49,2.19,3.701773,1.135,3.06,1125.0,0
13.6,2.97,2.36,21.6,119.0,2.98,3.51,0.31,2.02,5.153305,1.001,3.08,838.0,2
13.51,4.79,2.34,22.8,110.0,1.36,0.73,0.24,1.8,7.695842,0.733,1.65,757.0,2
12.01,2.08,2.23,23.4,94.0,1.82,0.84,0.6,1.85,3.926916,0.585,1.84,652.0,1
12.46,4.01,3.23,27.1,90.0,1.52,0.61,0.65,1.23,5.320967,0.916,1.45,377.0,1
12.83,1.48,2.39,20.5,111.0,2.08,1.98,0.6,1.86,4.659833,0.877,2.74,719.0,1
13.73,5.14,2.17,19.6,113.0,1.86,0.53,0.41,1.11,6.553296,0.803,1.37,596.0,0
11.73,1.2,2.12,17.7,82.0,2.59,2.29,0.44,1.65,2.70653,0.89,2.4,476.0,2
12.89,1.77,2.2,19.6,86.0,1.83,0.95,0.49,1.47,3.255433,1.118,3.25,882.0,1
13.12,5.13,2.66,18.6,116.0,3.24,2.49,0.37,2.08,5.104449,0.905,2.93,1196.0,0
13.25,3.33,2.55,17.7,107.0,2.61,1.54,0.39,1.53,9.01256,0.529,2.54,971.0,0
13.13,1.32,2.27,16.2,97.0,2.37,1.86,0.32,2.11,5.952531,1.193,3.28,835.0,2
12.74,4.17,2.28,23.5,89.0,1.83,0.91,0.5,1.56,4.627623,0.594,1.71,463.0,2
12.65,0.96,1.9,13.2,101.0,2.87,1.87,0.33,2.26,2.717806,1.079,3.05,1024.0,0
12.62,0.98,2.75,23.7,107.0,2.0,2.14,0.32,2.01,5.712618,0.829,2.66,674.0,1
12.79,1.3,2.17,18.1,92.0,2.81,1.16,0.53,1.81,5.281334,0.921,2.78,1280.0,2
13.94,2.68,2.58,17.7,116.0,3.47,4.47,0.24,1.86,5.714879,1.055,3.76,1481.0,0
14.08,1.58,2.76,17.5,138.0,3.59,4.21,0.31,1.94,4.40913,1.284,3.7,1634.0,0
12.83,0.91,2.17,18.0,117.0,1.4,1.42,0.45,1.63,3.997683,1.064,3.21,1424.0,2
12.12,1.61,2.58,22.9,101.0,1.74,2.46,0.39,1.7,7.032169,0.712,1.92,827.0,2
11.51,2.05,2.52,22.1,122.0,2.08,1.65,0.37,1.57,3.002172,0.983,1.78,721.0,1
13.71,2.37,2.77,24.7,91.0,2.91,1.45,0.51,1.47,4.394377,1.079,3.05,874.0,2
11.53,1.63,2.05,22.2,83.0,2.46,1.78,0.45,1.67,5.47902,0.772,1.58,326.0,1
12.37,2.11,2.47,21.5,98.0,2.05,1.45,0.4,1.58,5.540724,1.127,2.05,990.0,2
12.13,3.33,2.53,18.6,91.0,2.62,3.78,0.35,1.99,2.474695,1.202,3.92,686.0,0
12.83,2.9,2.24,23.6,102.0,3.04,2.59,0.19,1.78,3.013029,0.859,2.71,458.0,1
12.46,3.07,2.69,22.6,78.0,1.87,2.16,0.64,1.6,3.493104,1.053,3.58,708.0,0
13.66,5.0,2.1,22.0,109.0,2.6,1.87,0.16,1.26,4.865987,0.685,2.83,431.0,1
12.19,1.06,2.72,26.1,95.0,1.81,0.54,0.33,1.04,8.452438,0.72,1.4,296.0,1
12.73,2.77,2.22,17.8,112.0,2.87,2.0,0.41,1.8,2.953888,1.166,3.74,892.0,2
11.9,3.24,2.7,30.0,105.0,1.64,1.07,0.61,1.74,5.068924,0.694,1.99,288.0,1
11.62,3.65,2.25,22.3,92.0,2.77,2.96,0.14,1.73,1.93543,1.258,3.62,416.0,1
12.91,1.03,2.32,16.1,101.0,1.54,1.22,0.4,1.51,9.020646,1.116,1.38,515.0,0
12.89,2.36,2.09,21.6,98.0,2.65,2.52,0.19,1.93,7.325852,0.873,2.55,1066.0,2
14.01,5.65,2.35,22.2,88.0,1.86,0.61,0.61,1.42,6.563257,0.594,1.84,446.0,2
12.63,1.22,1.74,16.0,96.0,2.04,1.62,0.16,1.5,6.372345,0.638,2.08,440.0,1
12.64,3.92,2.24,21.9,100.0,2.37,2.5,0.49,1.98,3.605529,0.996,3.4,657.0,1
12.87,3.87,2.55,19.2,105.0,2.04,0.54,0.5,1.65,5.182302,0.688,1.96,1142.0,1
14.28,4.01,2.68,17.8,98.0,3.14,3.61,0.26,2.08,7.863587,0.687,2.76,1008.0,1
13.47,1.98,2.41,23.1,105.0,2.84,2.41,0.31,1.64,4.72794,1.014,2.32,1045.0,0
11.48,1.48,1.92,22.0,97.0,1.45,0.65,0.28,1.8,3.847963,1.003,1.4,286.0,1
13.17,1.93,2.76,23.4,82.0,2.61,2.02,0.41,1.8,4.405364,0.9,2.63,969.0,2
13.22,2.97,2.08,17.7,106.0,1.8,1.06,0.38,1.67,8.882279,0.698,1.65,814.0,1
11.65,0.92,2.34,17.6,94.0,1.58,1.44,0.53,1.98,6.036715,0.694,1.51,553.0,1
14.2,3.84,2.48,20.4,116.0,2.11,1.31,0.18,1.47,3.23575,0.989,2.38,1138.0,0
13.86,2.18,2.26,20.5,103.0,3.3,4.06,0.41,1.99,5.101089,1.13,2.86,1085.0,2
13.8,2.36,2.51,19.1,94.0,2.26,2.1,0.47,1.56,3.51721,0.887,3.57,544.0,1
12.72,1.14,1.99,17.7,97.0,2.67,3.42,0.15,2.14,3.994887,0.941,3.02,758.0,2
12.24,2.22,2.38,21.4,102.0,2.39,3.01,0.32,2.0,2.134231,1.138,3.64,408.0,1
13.09,1.27,2.14,17.9,96.0,1.98,2.15,0.2,1.46,3.374951,1.205,1.67,585.0,1
14.52,3.45,2.87,23.2,116.0,3.0,0.97,0.5,1.95,12.192549,0.715,1.33,1595.0,0
13.17,2.43,2.32,23.9,84.0,1.38,1.45,0.63,1.71,5.515582,0.822,1.6,413.0,1
12.95,0.9,2.31,13.8,109.0,2.93,3.81,0.16,2.09,2.502341,1.435,3.45,960.0,2
11.75,4.65,1.81,20.0,82.0,2.23,1.85,0.43,2.54,1.784512,0.774,3.38,280.0,1
13.73,3.52,2.2,21.5,97.0,2.02,1.36,0.46,1.4,4.478484,0.752,2.27,341.0,1
11.98,1.22,2.84,22.7,89.0,2.8,3.43,0.62,1.5,4.854747,1.149,3.76,856.0,2
13.44,1.7,2.57,21.4,93.0,2.65,3.06,0.33,1.63,1.998609,1.422,3.25,1088.0,2
14.01,4.01,2.34,17.3,80.0,2.64,1.24,0.53,1.66,7.105492,0.924,3.24,739.0,0
12.06,0.96,1.94,15.9,109.0,2.46,3.66,0.14,2.22,3.858991,1.141,3.77,544.0,2
13.5,2.42,1.84,17.1,97.0,2.49,1.81,0.25,1.65,3.40517,0.939,2.03,448.0,1
13.72,2.84,2.61,21.7,101.0,2.57,0.78,0.47,1.45,4.567992,0.671,2.81,1126.0,2
11.83,2.9,2.46,27.9,103.0,1.55,0.87,0.46,2.08,9.136971,0.796,1.58,554.0,1
11.66,1.12,2.44,21.0,96.0,2.35,2.06,0.41,1.18,2.7803,1.344,1.97,379.0,1
13.95,3.41,2.91,21.3,96.0,3.53,4.8,0.27,2.49,6.769693,1.125,3.81,1384.0,0
11.82,0.91,2.05,19.7,92.0,1.37,1.11,0.41,1.38,1.972382,1.369,2.28,338.0,1
12.11,1.36,2.5,22.1,91.0,1.56,1.94,0.19,1.64,1.978019,1.18,3.57,409.0,1
13.83,2.59,2.31,20.7,86.0,2.53,2.96,0.25,1.1,2.659652,1.102,3.84,869.0,0
11.23,1.23,2.13,19.4,85.0,1.64,1.19,0.33,1.03,2.028215,0.994,1.97,402.0,1
13.04,1.02,1.84,11.3,94.0,3.22,2.39,0.16,1.83,2.900269,1.166,3.6,834.0,2
13.27,2.08,2.42,18.9,101.0,2.54,1.59,0.57,1.85,9.113913,0.657,1.67,875.0,1
12.51,1.54,3.12,23.3,128.0,2.18,0.73,0.28,1.34,6.646303,1.059,2.74,715.0,2
13.72,3.96,2.7,17.1,99.0,1.26,0.49,0.48,1.34,4.914631,0.637,1.33,941.0,1
12.73,1.54,2.21,17.5,95.0,2.02,1.77,0.49,1.35,2.395215,1.297,3.16,373.0,2
13.98,4.74,2.6,22.0,90.0,2.46,1.88,0.33,1.6,3.548694,1.267,3.18,768.0,0
12.02,0.92,1.95,16.8,105.0,2.52,3.37,0.46,1.9,2.986074,1.263,2.02,740.0,1
12.69,2.01,2.29,22.0,80.0,1.79,0.71,0.58,1.39,2.826615,0.988,1.91,388.0,1
13.55,4.49,2.76,19.9,130.0,3.05,2.81,0.2,2.18,9.973324,0.838,2.11,1151.0,0
11.72,1.23,2.19,19.2,84.0,1.58,0.93,0.52,1.06,3.283974,0.93,1.86,296.0,1
12.54,2.24,2.55,24.7,100.0,2.22,3.17,0.28,2.0,4.61371,0.673,3.68,423.0,1
14.15,0.92,2.36,18.1,98.0,2.29,1.6,0.33,1.94,8.493081,0.833,1.7,1479.0,2
14.01,4.64,2.43,21.6,111.0,2.09,1.64,0.21,1.35,7.513185,0.896,3.6,1013.0,0
11.45,2.79,2.56,24.0,133.0,3.18,4.54,0.44,1.64,2.771033,1.258,2.75,642.0,1
14.38,1.4,2.39,15.5,104.0,2.47,2.24,0.24,2.0,6.15943,0.91,3.27,1268.0,0
13.31,1.14,2.49,19.7,97.0,2.28,3.08,0.38,1.79,2.909226,1.21,2.52,839.0,1
14.15,2.91,2.59,14.0,107.0,3.66,3.36,0.27,2.28,6.832432,0.821,3.88,1415.0,0
13.18,1.47,2.75,17.0,102.0,1.76,0.94,0.51,1.47,6.291423,1.192,2.59,1344.0,0
11.46,2.56,2.15,21.3,79.0,2.07,0.78,0.56,1.09,2.486644,0.727,1.73,311.0,1
11.96,1.81,2.33,23.8,81.0,1.51,1.07,0.27,2.13,6.487431,0.866,2.52,447.0,2
11.72,4.51,1.96,20.8,86.0,1.95,0.96,0.59,1.34,2.95058,1.259,1.98,614.0,1
12.65,0.98,2.87,18.5,118.0,2.83,3.06,0.34,1.95,7.482401,1.045,2.32,990.0,0
13.62,2.85,2.35,22.8,83.0,1.59,1.85,0.44,1.73,6.733955,0.727,1.88,736.0,2
12.53,2.1,2.9,24.2,110.0,1.57,1.12,0.49,1.35,7.273906,0.687,1.8,585.0,1
13.34,1.44,2.13,14.3,102.0,2.34,1.61,0.31,1.55,6.937281,1.181,2.14,530.0,2
12.69,5.64,2.82,23.8,107.0,1.48,0.61,0.57,1.44,8.343154,0.609,1.32,525.0,2
11.81,3.97,2.35,21.9,89.0,1.86,1.08,0.36,1.77,3.138918,0.831,1.54,309.0,1
12.92,1.24,2.57,19.6,94.0,1.46,0.77,0.46,1.63,6.448823,0.876,1.7,1413.0,0
