Epoch,Batch,Loss
0,0,156.32272338867188
0,1,128.34825134277344
1,0,134.2799530029297
1,1,103.0263900756836
2,0,123.41887664794922
2,1,97.56538391113281
3,0,114.29692077636719
3,1,161.57691955566406
4,0,108.86148834228516
4,1,101.95691680908203
5,0,104.2876205444336
5,1,106.04380798339844
6,0,99.52149200439453
6,1,86.18733978271484
7,0,93.8613052368164
7,1,91.86650085449219
8,0,89.27982330322266
8,1,89.64346313476562
9,0,85.76107025146484
9,1,96.62577819824219
10,0,82.93922424316406
10,1,70.42715454101562
11,0,79.09269714355469
11,1,64.3387222290039
12,0,76.03707122802734
12,1,48.628089904785156
13,0,72.5132827758789
13,1,58.5237922668457
14,0,69.31172180175781
14,1,70.73314666748047
15,0,67.97477722167969
15,1,42.487728118896484
16,0,63.71143341064453
16,1,71.4615478515625
17,0,61.3735237121582
17,1,61.970970153808594
18,0,58.42897415161133
18,1,65.88385772705078
19,0,55.01570129394531
19,1,70.69356536865234
20,0,51.682064056396484
20,1,54.58745574951172
21,0,49.13479995727539
21,1,46.367820739746094
22,0,46.64738845825195
22,1,56.137123107910156
23,0,43.54252624511719
23,1,57.734222412109375
24,0,41.2497444152832
24,1,41.98590087890625
25,0,36.78424835205078
25,1,65.46101379394531
26,0,35.41124725341797
26,1,27.836761474609375
27,0,33.15380096435547
27,1,27.951969146728516
28,0,30.112102508544922
28,1,21.56438446044922
29,0,27.371910095214844
29,1,33.510982513427734
30,0,26.10675048828125
30,1,31.50568962097168
31,0,24.490652084350586
31,1,3.719106674194336
32,0,23.684574127197266
32,1,29.693017959594727
33,0,21.848365783691406
33,1,18.09927749633789
34,0,20.50672149658203
34,1,14.210935592651367
35,0,19.877727508544922
35,1,9.146451950073242
36,0,18.51593780517578
36,1,7.80941104888916
37,0,18.21920394897461
37,1,4.0614495277404785
38,0,17.98768424987793
38,1,9.440569877624512
39,0,16.350032806396484
39,1,19.353445053100586
40,0,15.664226531982422
40,1,9.729061126708984
41,0,15.35036849975586
41,1,5.975228786468506
42,0,14.055488586425781
42,1,3.5342936515808105
43,0,13.868465423583984
43,1,21.322067260742188
44,0,13.329700469970703
44,1,11.911725997924805
45,0,12.481666564941406
45,1,16.637014389038086
46,0,12.509687423706055
46,1,6.55974817276001
47,0,10.697957038879395
47,1,10.326552391052246
48,0,10.723365783691406
48,1,7.502655982971191
49,0,9.632063865661621
49,1,21.120834350585938
50,0,9.804330825805664
50,1,14.027383804321289
51,0,8.910514831542969
51,1,-4.637640953063965
52,0,7.867607593536377
52,1,6.672050476074219
53,0,7.582043647766113
53,1,1.2363615036010742
54,0,6.232397079467773
54,1,14.640161514282227
55,0,5.809051990509033
55,1,14.00424575805664
56,0,5.206456661224365
56,1,17.79473114013672
57,0,5.272360324859619
57,1,-5.769003868103027
58,0,4.9637603759765625
58,1,-1.4858112335205078
59,0,3.6993534564971924
59,1,-4.672889709472656
60,0,3.5229573249816895
60,1,29.368423461914062
61,0,3.615177631378174
61,1,-2.5626602172851562
62,0,3.228245735168457
62,1,-8.361359596252441
63,0,2.361346960067749
63,1,3.189004421234131
64,0,1.9832417964935303
64,1,6.641520023345947
65,0,2.487161159515381
65,1,-8.58485221862793
66,0,1.3195810317993164
66,1,-1.7588005065917969
67,0,1.8050551414489746
67,1,0.5560226440429688
68,0,1.3421869277954102
68,1,16.1696720123291
69,0,1.7198827266693115
69,1,-11.913524627685547
70,0,1.293712854385376
70,1,8.28615951538086
71,0,0.5767812728881836
71,1,4.801914691925049
72,0,0.8780169486999512
72,1,-1.1888227462768555
73,0,-0.4308133125305176
73,1,12.287759780883789
74,0,-0.8313469886779785
74,1,6.771743297576904
75,0,-0.5487642288208008
75,1,2.9204704761505127
76,0,-1.2646780014038086
76,1,11.261249542236328
77,0,-0.2709522247314453
77,1,1.9838621616363525
78,0,-0.11906957626342773
78,1,3.0660455226898193
79,0,-1.143991470336914
79,1,3.87756085395813
80,0,-0.6446700096130371
80,1,-15.057700157165527
81,0,-1.1140756607055664
81,1,0.5513567924499512
82,0,-0.9081354141235352
82,1,-11.654297828674316
83,0,-1.6780133247375488
83,1,-1.8226468563079834
84,0,-1.7278895378112793
84,1,-7.851653099060059
85,0,-1.912391185760498
85,1,3.8221852779388428
86,0,-1.8884954452514648
86,1,-7.807564735412598
87,0,-2.3630542755126953
87,1,-9.554100036621094
88,0,-2.5652947425842285
88,1,-3.2705907821655273
89,0,-2.779515266418457
89,1,-14.839519500732422
90,0,-3.3499302864074707
90,1,-13.135735511779785
91,0,-2.936288356781006
91,1,-1.3605880737304688
92,0,-2.518240451812744
92,1,-0.3564910888671875
93,0,-3.449420928955078
93,1,-7.4711198806762695
94,0,-3.01123046875
94,1,0.5912144184112549
95,0,-3.272230625152588
95,1,-9.675065040588379
96,0,-3.354367733001709
96,1,-16.68277359008789
97,0,-3.985785961151123
97,1,5.65576696395874
98,0,-3.892564296722412
98,1,-1.7820611000061035
99,0,-3.5187463760375977
99,1,-2.354637622833252
100,0,-4.256291389465332
100,1,-3.9874839782714844
101,0,-3.6056923866271973
101,1,-8.076047897338867
102,0,-4.781163692474365
102,1,0.1432356834411621
103,0,-3.6732068061828613
103,1,-7.510162353515625
104,0,-4.379269123077393
104,1,-1.141218900680542
105,0,-4.449928283691406
105,1,2.8477048873901367
106,0,-4.713003158569336
106,1,-12.634431838989258
107,0,-3.998349189758301
107,1,7.530030250549316
108,0,-4.721467018127441
108,1,-2.4370150566101074
109,0,-4.660276889801025
109,1,1.1187982559204102
110,0,-4.886871814727783
110,1,-10.249190330505371
111,0,-4.395484447479248
111,1,-11.693570137023926
112,0,-4.937163829803467
112,1,-0.690981388092041
113,0,-5.406189918518066
113,1,6.002440452575684
114,0,-4.929859161376953
114,1,1.0277013778686523
115,0,-5.640608310699463
115,1,-0.09363675117492676
116,0,-5.700687885284424
116,1,-11.094881057739258
117,0,-6.456146240234375
117,1,-2.3463268280029297
118,0,-5.166407585144043
118,1,-13.641433715820312
119,0,-5.724490642547607
119,1,-11.923145294189453
120,0,-6.275529384613037
120,1,-9.492056846618652
121,0,-6.094290256500244
121,1,-6.104813098907471
122,0,-6.607576847076416
122,1,-6.94819974899292
123,0,-6.507493495941162
123,1,-9.754348754882812
124,0,-5.981300354003906
124,1,-12.119319915771484
125,0,-6.954338550567627
125,1,3.88027024269104
126,0,-6.988178253173828
126,1,-2.6971874237060547
127,0,-7.500592231750488
127,1,1.558405876159668
128,0,-7.301011085510254
128,1,-5.303536415100098
129,0,-6.704883575439453
129,1,-6.797337532043457
130,0,-7.563892364501953
130,1,-3.2221498489379883
131,0,-7.009344100952148
131,1,-14.600665092468262
132,0,-7.130083084106445
132,1,-18.027381896972656
133,0,-6.748019695281982
133,1,-24.03217315673828
134,0,-7.356053352355957
134,1,-17.568767547607422
135,0,-7.581901550292969
135,1,-16.416444778442383
136,0,-8.502120971679688
136,1,-10.588424682617188
137,0,-7.47878885269165
137,1,1.266286849975586
138,0,-6.363102436065674
138,1,-15.219327926635742
139,0,-7.33025598526001
139,1,-16.219310760498047
140,0,-7.832358360290527
140,1,-4.343648433685303
141,0,-8.099174499511719
141,1,-21.69272232055664
142,0,-7.815932273864746
142,1,-19.904001235961914
143,0,-8.240080833435059
143,1,-11.786306381225586
144,0,-7.618762493133545
144,1,-13.73940372467041
145,0,-8.133109092712402
145,1,-2.944538116455078
146,0,-7.696763038635254
146,1,-11.272623062133789
147,0,-7.596083641052246
147,1,-9.133380889892578
148,0,-8.57730484008789
148,1,3.5647003650665283
149,0,-8.156404495239258
149,1,-15.613546371459961
150,0,-7.201418399810791
150,1,-9.3736572265625
151,0,-8.331916809082031
151,1,-2.7769370079040527
152,0,-8.475719451904297
152,1,2.457798480987549
153,0,-8.304773330688477
153,1,-4.17751932144165
154,0,-8.272562026977539
154,1,-4.657428741455078
155,0,-9.085685729980469
155,1,0.957209587097168
156,0,-8.644760131835938
156,1,-7.028414249420166
157,0,-8.569219589233398
157,1,-16.20351791381836
158,0,-8.611919403076172
158,1,0.2730722427368164
159,0,-8.766895294189453
159,1,-3.9235010147094727
160,0,-9.21084976196289
160,1,-12.427387237548828
161,0,-8.851255416870117
161,1,3.99908447265625
162,0,-8.873109817504883
162,1,-4.4017744064331055
163,0,-8.378787994384766
163,1,-21.185274124145508
164,0,-8.863936424255371
164,1,-18.544822692871094
165,0,-8.655590057373047
165,1,-16.08843231201172
166,0,-8.591527938842773
166,1,-10.430398941040039
167,0,-9.114063262939453
167,1,-15.644258499145508
168,0,-9.768909454345703
168,1,-12.118989944458008
169,0,-9.169706344604492
169,1,-16.44106674194336
170,0,-8.990968704223633
170,1,-13.181370735168457
171,0,-9.46898078918457
171,1,2.879518508911133
172,0,-9.314391136169434
172,1,-6.691062927246094
173,0,-9.374456405639648
173,1,-10.49795913696289
174,0,-9.24791145324707
174,1,-11.095562934875488
175,0,-9.310527801513672
175,1,-5.912329196929932
176,0,-9.42868423461914
176,1,-9.601163864135742
177,0,-9.169408798217773
177,1,-19.814605712890625
178,0,-9.760492324829102
178,1,-13.588500022888184
179,0,-10.053462982177734
179,1,-8.896265029907227
180,0,-8.85104751586914
180,1,-7.913330554962158
181,0,-9.351879119873047
181,1,-17.103803634643555
182,0,-9.496805191040039
182,1,-7.175900459289551
183,0,-9.270275115966797
183,1,-11.434020042419434
184,0,-9.471985816955566
184,1,-3.37113618850708
185,0,-9.941337585449219
185,1,-6.4661431312561035
186,0,-10.023313522338867
186,1,-16.910900115966797
187,0,-9.700210571289062
187,1,4.593168258666992
188,0,-9.380810737609863
188,1,-19.161033630371094
189,0,-10.027996063232422
189,1,-9.88937759399414
190,0,-9.612791061401367
190,1,-16.947195053100586
191,0,-10.058511734008789
191,1,-15.047013282775879
192,0,-10.445138931274414
192,1,-13.21609115600586
193,0,-9.95423698425293
193,1,-12.66474723815918
194,0,-10.277975082397461
194,1,-18.578874588012695
195,0,-9.949983596801758
195,1,-16.205595016479492
196,0,-9.683162689208984
196,1,-12.701028823852539
197,0,-10.546592712402344
197,1,-7.931143760681152
198,0,-10.15587043762207
198,1,-13.524967193603516
199,0,-10.408486366271973
199,1,-11.21049976348877
200,0,-10.849884033203125
200,1,-9.499719619750977
201,0,-10.296072006225586
201,1,-14.173569679260254
202,0,-11.002642631530762
202,1,-7.617679595947266
203,0,-10.887737274169922
203,1,-5.683935165405273
204,0,-10.002551078796387
204,1,-10.086906433105469
205,0,-10.13076400756836
205,1,-4.130913734436035
206,0,-9.858102798461914
206,1,-11.771265029907227
207,0,-9.8832368850708
207,1,-17.635093688964844
208,0,-10.86648178100586
208,1,0.5948176383972168
209,0,-10.47873306274414
209,1,-5.346173286437988
210,0,-10.086990356445312
210,1,-3.092985153198242
211,0,-10.342596054077148
211,1,-13.133825302124023
212,0,-10.426475524902344
212,1,-9.99552059173584
213,0,-9.802404403686523
213,1,-8.277490615844727
214,0,-9.992627143859863
214,1,-11.385381698608398
215,0,-10.633174896240234
215,1,-3.0612545013427734
216,0,-10.340597152709961
216,1,-3.880539894104004
217,0,-9.073062896728516
217,1,-8.53956413269043
218,0,-9.67915153503418
218,1,-21.61164093017578
219,0,-10.507333755493164
219,1,-7.54203987121582
220,0,-9.409952163696289
220,1,-12.597480773925781
221,0,-8.462024688720703
221,1,-8.71408462524414
222,0,-10.162921905517578
222,1,-2.8413190841674805
223,0,-10.796712875366211
223,1,-2.7507119178771973
224,0,-10.331892013549805
224,1,-5.036398887634277
225,0,-10.480764389038086
225,1,-1.676285743713379
226,0,-10.093276977539062
226,1,-15.41919994354248
227,0,-10.370899200439453
227,1,-13.925970077514648
228,0,-11.018732070922852
228,1,-10.870316505432129
229,0,-10.186178207397461
229,1,-6.814650535583496
230,0,-10.779582977294922
230,1,-11.691975593566895
231,0,-10.873414993286133
231,1,-14.394082069396973
232,0,-11.098033905029297
232,1,-14.915409088134766
233,0,-11.392354965209961
233,1,-4.276943206787109
234,0,-11.694809913635254
234,1,-5.781315326690674
235,0,-10.104585647583008
235,1,-11.249046325683594
236,0,-10.432212829589844
236,1,-11.379048347473145
237,0,-10.843992233276367
237,1,-17.442546844482422
238,0,-11.206886291503906
238,1,-9.10378646850586
239,0,-11.203364372253418
239,1,-14.934196472167969
240,0,-10.659600257873535
240,1,-16.76969337463379
241,0,-11.565898895263672
241,1,-8.82337474822998
242,0,-11.219581604003906
242,1,-8.674007415771484
243,0,-11.202547073364258
243,1,-12.043902397155762
244,0,-11.226184844970703
244,1,-19.227054595947266
245,0,-10.675220489501953
245,1,-10.628406524658203
246,0,-11.350780487060547
246,1,2.839876174926758
247,0,-11.211005210876465
247,1,-2.3220877647399902
248,0,-11.034603118896484
248,1,-21.124080657958984
249,0,-11.522979736328125
249,1,-15.912092208862305
250,0,-11.03832721710205
250,1,-16.527835845947266
251,0,-11.176544189453125
251,1,-9.9544677734375
252,0,-11.250649452209473
252,1,-15.213117599487305
253,0,-11.889486312866211
253,1,-0.093597412109375
254,0,-11.915594100952148
254,1,-1.5904479026794434
255,0,-11.570600509643555
255,1,-1.2225213050842285
256,0,-11.526268005371094
256,1,-13.049444198608398
257,0,-11.325179100036621
257,1,-13.544408798217773
258,0,-10.99616813659668
258,1,-11.407654762268066
259,0,-11.499740600585938
259,1,4.55463981628418
260,0,-11.596380233764648
260,1,-7.309052467346191
261,0,-12.093351364135742
261,1,-4.101024150848389
262,0,-11.696660995483398
262,1,-10.349935531616211
263,0,-12.1685209274292
263,1,-3.649104595184326
264,0,-11.731189727783203
264,1,-0.4206705093383789
265,0,-11.320659637451172
265,1,-7.117011070251465
266,0,-11.541481018066406
266,1,-14.080060958862305
267,0,-11.472702026367188
267,1,-7.553864002227783
268,0,-12.33343505859375
268,1,-18.461109161376953
269,0,-12.012657165527344
269,1,-12.552526473999023
270,0,-11.824728012084961
270,1,-12.612035751342773
271,0,-11.9844970703125
271,1,-6.257725715637207
272,0,-12.138802528381348
272,1,-15.011310577392578
273,0,-11.841878890991211
273,1,-17.522125244140625
274,0,-12.107215881347656
274,1,-7.712752342224121
275,0,-11.97091007232666
275,1,-20.483333587646484
276,0,-12.161828994750977
276,1,-12.737786293029785
277,0,-12.203193664550781
277,1,-14.27308464050293
278,0,-11.84620475769043
278,1,-6.877630233764648
279,0,-11.816814422607422
279,1,-15.418952941894531
280,0,-11.909862518310547
280,1,-22.53497886657715
281,0,-11.435075759887695
281,1,-19.870285034179688
282,0,-11.770410537719727
282,1,-17.700428009033203
283,0,-11.71787166595459
283,1,-2.197244644165039
284,0,-12.266786575317383
284,1,-7.825188636779785
285,0,-11.06950855255127
285,1,-17.027236938476562
286,0,-12.005029678344727
286,1,-10.485097885131836
287,0,-11.82579231262207
287,1,-7.810674667358398
288,0,-12.744839668273926
288,1,-9.926284790039062
289,0,-12.294050216674805
289,1,-11.543906211853027
290,0,-12.208789825439453
290,1,-1.7446184158325195
291,0,-12.433000564575195
291,1,-11.377350807189941
292,0,-11.930892944335938
292,1,-21.20241928100586
293,0,-12.32303524017334
293,1,-5.182631492614746
294,0,-12.138124465942383
294,1,-10.745786666870117
295,0,-12.057892799377441
295,1,-17.542739868164062
296,0,-12.073452949523926
296,1,-10.814661026000977
297,0,-11.794687271118164
297,1,-6.3277411460876465
298,0,-11.915196418762207
298,1,-15.535902976989746
299,0,-12.093671798706055
299,1,-21.19911003112793
300,0,-12.107196807861328
300,1,-7.112393379211426
301,0,-11.853704452514648
301,1,-2.34060001373291
302,0,-11.986261367797852
302,1,-9.440447807312012
303,0,-12.128332138061523
303,1,-10.6407470703125
304,0,-11.957477569580078
304,1,-3.820034980773926
305,0,-12.849763870239258
305,1,-9.353372573852539
306,0,-12.795907974243164
306,1,0.7217869758605957
307,0,-11.70560073852539
307,1,-11.372611999511719
308,0,-12.146688461303711
308,1,-8.779644012451172
309,0,-12.221132278442383
309,1,-8.760395050048828
310,0,-12.56439208984375
310,1,-18.481056213378906
311,0,-12.416149139404297
311,1,-18.178396224975586
312,0,-11.807111740112305
312,1,-8.474154472351074
313,0,-11.612338066101074
313,1,-19.60926055908203
314,0,-12.15192699432373
314,1,-21.128141403198242
315,0,-12.106510162353516
315,1,-9.5081148147583
316,0,-12.139944076538086
316,1,-11.303594589233398
317,0,-12.66435432434082
317,1,-5.452159881591797
318,0,-12.39566421508789
318,1,-15.015666961669922
319,0,-12.914859771728516
319,1,-12.519805908203125
320,0,-12.425970077514648
320,1,-21.476308822631836
321,0,-11.834901809692383
321,1,-12.70081901550293
322,0,-12.670642852783203
322,1,-4.54754638671875
323,0,-13.208498001098633
323,1,-13.677591323852539
324,0,-12.901439666748047
324,1,-12.16324234008789
325,0,-12.635425567626953
325,1,-8.401416778564453
326,0,-13.298242568969727
326,1,-5.235381126403809
327,0,-12.594842910766602
327,1,-26.26700210571289
328,0,-12.702878952026367
328,1,-12.723699569702148
329,0,-12.504281997680664
329,1,-10.665486335754395
330,0,-12.597064018249512
330,1,-16.643264770507812
331,0,-12.732053756713867
331,1,-16.98285484313965
332,0,-12.547365188598633
332,1,-21.30608367919922
333,0,-12.046892166137695
333,1,-13.423189163208008
334,0,-13.016349792480469
334,1,0.7733259201049805
335,0,-13.11668872833252
335,1,-15.67762279510498
336,0,-12.966934204101562
336,1,-2.0137939453125
337,0,-12.703235626220703
337,1,-6.959495544433594
338,0,-12.953628540039062
338,1,-13.83958625793457
339,0,-12.521559715270996
339,1,-21.060115814208984
340,0,-12.528511047363281
340,1,-6.013412952423096
341,0,-12.793451309204102
341,1,1.0794382095336914
342,0,-12.793428421020508
342,1,-12.124528884887695
343,0,-12.559367179870605
343,1,-24.722084045410156
344,0,-12.340673446655273
344,1,-13.846861839294434
345,0,-12.872649192810059
345,1,-16.829914093017578
346,0,-12.905736923217773
346,1,-19.494945526123047
347,0,-12.858850479125977
347,1,-17.878625869750977
348,0,-12.095952987670898
348,1,-7.583115100860596
349,0,-12.511711120605469
349,1,-13.506463050842285
350,0,-12.500009536743164
350,1,-12.13368034362793
351,0,-12.16848373413086
351,1,-17.33077049255371
352,0,-12.433370590209961
352,1,-15.935416221618652
353,0,-13.22366714477539
353,1,-10.976800918579102
354,0,-12.976314544677734
354,1,-22.986770629882812
355,0,-12.654518127441406
355,1,-6.786334991455078
356,0,-12.964438438415527
356,1,-4.3884453773498535
357,0,-12.916938781738281
357,1,-2.183856964111328
358,0,-13.488743782043457
358,1,-12.776082992553711
359,0,-13.534160614013672
359,1,-7.944391250610352
360,0,-13.213987350463867
360,1,-11.196564674377441
361,0,-13.015399932861328
361,1,-13.141620635986328
362,0,-13.57229995727539
362,1,-15.91340160369873
363,0,-12.747000694274902
363,1,-20.885711669921875
364,0,-12.848933219909668
364,1,-16.70624542236328
365,0,-13.769608497619629
365,1,-8.001700401306152
366,0,-13.021648406982422
366,1,-14.70268440246582
367,0,-12.741340637207031
367,1,-5.406058311462402
368,0,-13.301526069641113
368,1,-6.090834617614746
369,0,-12.306310653686523
369,1,-26.436450958251953
370,0,-12.827409744262695
370,1,-10.851555824279785
371,0,-12.578937530517578
371,1,-14.941287994384766
372,0,-13.233772277832031
372,1,-9.564233779907227
373,0,-13.210540771484375
373,1,-12.516807556152344
374,0,-13.848226547241211
374,1,-5.876657485961914
375,0,-13.675416946411133
375,1,-11.456657409667969
376,0,-13.130110740661621
376,1,-17.861268997192383
377,0,-13.475434303283691
377,1,-9.129457473754883
378,0,-13.411123275756836
378,1,1.3252944946289062
379,0,-13.86430549621582
379,1,-8.218160629272461
380,0,-13.490214347839355
380,1,-10.858288764953613
381,0,-14.16493034362793
381,1,-1.4504971504211426
382,0,-13.274842262268066
382,1,-11.342691421508789
383,0,-13.11627197265625
383,1,-16.467552185058594
384,0,-14.187013626098633
384,1,-17.021121978759766
385,0,-13.355677604675293
385,1,-25.945161819458008
386,0,-13.955460548400879
386,1,-10.790487289428711
387,0,-13.560312271118164
387,1,-8.17916488647461
388,0,-14.194530487060547
388,1,-8.102472305297852
389,0,-13.853687286376953
389,1,-3.912726402282715
390,0,-13.745580673217773
390,1,-20.49503517150879
391,0,-12.833314895629883
391,1,-14.160795211791992
392,0,-13.540529251098633
392,1,-14.432315826416016
393,0,-14.123836517333984
393,1,-8.720634460449219
394,0,-13.97261905670166
394,1,-20.10711669921875
395,0,-12.97675895690918
395,1,-26.96969985961914
396,0,-13.337114334106445
396,1,-6.431865692138672
397,0,-14.02476692199707
397,1,-17.24102783203125
398,0,-13.716108322143555
398,1,-18.741857528686523
399,0,-13.459823608398438
399,1,-13.943434715270996
400,0,-13.921276092529297
400,1,-11.746084213256836
401,0,-13.701118469238281
401,1,-12.172357559204102
402,0,-13.410221099853516
402,1,-16.820730209350586
403,0,-13.96246337890625
403,1,-14.863178253173828
404,0,-12.992958068847656
404,1,-9.274602890014648
405,0,-13.763051986694336
405,1,-26.46689224243164
406,0,-13.590093612670898
406,1,-14.963125228881836
407,0,-14.070576667785645
407,1,-11.071939468383789
408,0,-14.912581443786621
408,1,-9.44906234741211
409,0,-13.915227890014648
409,1,-11.308695793151855
410,0,-13.746286392211914
410,1,-2.0953235626220703
411,0,-14.285026550292969
411,1,-11.696396827697754
412,0,-13.999323844909668
412,1,-9.659598350524902
413,0,-14.323518753051758
413,1,-16.909406661987305
414,0,-13.844266891479492
414,1,-18.67810821533203
415,0,-14.872164726257324
415,1,-4.446463108062744
416,0,-13.585193634033203
416,1,-12.156637191772461
417,0,-13.838761329650879
417,1,-12.257205963134766
418,0,-14.364456176757812
418,1,-3.5487375259399414
419,0,-14.178709030151367
419,1,-12.345762252807617
420,0,-13.668654441833496
420,1,-15.55435562133789
421,0,-13.74296760559082
421,1,-17.41165542602539
422,0,-13.55703353881836
422,1,-18.65634536743164
423,0,-14.276444435119629
423,1,-3.053147315979004
424,0,-13.891180038452148
424,1,-19.417625427246094
425,0,-13.627373695373535
425,1,-20.203563690185547
426,0,-14.509771347045898
426,1,-14.927530288696289
427,0,-14.397798538208008
427,1,-15.116474151611328
428,0,-14.091913223266602
428,1,-12.706140518188477
429,0,-14.335834503173828
429,1,-18.429704666137695
430,0,-15.229290008544922
430,1,-3.921074867248535
431,0,-13.99071979522705
431,1,-25.072643280029297
432,0,-14.370977401733398
432,1,-13.154794692993164
433,0,-14.558699607849121
433,1,-12.22877025604248
434,0,-13.75861930847168
434,1,-17.937118530273438
435,0,-14.587778091430664
435,1,-22.183788299560547
436,0,-14.945289611816406
436,1,-12.903491973876953
437,0,-14.947526931762695
437,1,-13.97407341003418
438,0,-14.378715515136719
438,1,-17.570270538330078
439,0,-14.655509948730469
439,1,-16.332149505615234
440,0,-14.78140640258789
440,1,-13.117691993713379
441,0,-14.8948974609375
441,1,3.1030993461608887
442,0,-14.032337188720703
442,1,-14.884236335754395
443,0,-14.206657409667969
443,1,-18.234743118286133
444,0,-13.918363571166992
444,1,-4.597752571105957
445,0,-14.513253211975098
445,1,-14.489490509033203
446,0,-13.9657564163208
446,1,-19.693506240844727
447,0,-14.717415809631348
447,1,-13.31797981262207
448,0,-14.63528823852539
448,1,-13.239246368408203
449,0,-15.365968704223633
449,1,-11.31348705291748
450,0,-15.17105484008789
450,1,-15.024470329284668
451,0,-15.092105865478516
451,1,-9.992252349853516
452,0,-15.638545036315918
452,1,-9.624600410461426
453,0,-14.787456512451172
453,1,-18.111841201782227
454,0,-15.28346061706543
454,1,-6.3540239334106445
455,0,-14.821566581726074
455,1,-20.711721420288086
456,0,-14.388577461242676
456,1,-23.823219299316406
457,0,-13.872513771057129
457,1,-27.46450424194336
458,0,-14.5147066116333
458,1,-23.621265411376953
459,0,-14.801644325256348
459,1,-12.816855430603027
460,0,-14.557519912719727
460,1,-17.477901458740234
461,0,-15.086807250976562
461,1,-14.470585823059082
462,0,-14.675838470458984
462,1,-16.25845718383789
463,0,-15.097040176391602
463,1,-20.6330623626709
464,0,-15.76746940612793
464,1,-5.116400718688965
465,0,-15.099323272705078
465,1,-21.09024429321289
466,0,-15.018386840820312
466,1,-15.347433090209961
467,0,-14.741050720214844
467,1,-11.29271411895752
468,0,-15.158540725708008
468,1,-27.15298843383789
469,0,-15.027032852172852
469,1,-23.185426712036133
470,0,-15.277080535888672
470,1,-13.152673721313477
471,0,-14.9044189453125
471,1,-9.224950790405273
472,0,-15.856293678283691
472,1,-2.8545403480529785
473,0,-15.381234169006348
473,1,-19.84654426574707
474,0,-15.702943801879883
474,1,-8.820937156677246
475,0,-15.550426483154297
475,1,-6.807804107666016
476,0,-15.50624942779541
476,1,-19.3177433013916
477,0,-15.65948486328125
477,1,-19.323619842529297
478,0,-16.155399322509766
478,1,-1.9060783386230469
479,0,-15.880001068115234
479,1,-16.589506149291992
480,0,-16.080585479736328
480,1,-4.340638160705566
481,0,-14.962140083312988
481,1,-6.182758331298828
482,0,-15.463655471801758
482,1,-14.164730072021484
483,0,-15.477740287780762
483,1,-21.57387924194336
484,0,-15.87585735321045
484,1,-18.06305694580078
485,0,-15.83526611328125
485,1,-14.186836242675781
486,0,-15.517448425292969
486,1,-16.13262176513672
487,0,-15.579427719116211
487,1,-16.154125213623047
488,0,-16.321880340576172
488,1,-17.07989501953125
489,0,-15.829938888549805
489,1,-11.606887817382812
490,0,-15.260199546813965
490,1,-16.55059051513672
491,0,-15.905508995056152
491,1,-18.535568237304688
492,0,-16.4355525970459
492,1,-10.052788734436035
493,0,-15.139387130737305
493,1,-14.98808479309082
494,0,-15.301023483276367
494,1,-10.441671371459961
495,0,-15.216712951660156
495,1,-19.555356979370117
496,0,-16.546184539794922
496,1,-9.3058443069458
497,0,-16.31199073791504
497,1,-17.240352630615234
498,0,-15.694633483886719
498,1,-8.4144287109375
499,0,-15.709695816040039
499,1,-12.302888870239258
500,0,-16.280073165893555
500,1,-15.040566444396973
501,0,-15.288127899169922
501,1,-15.971992492675781
502,0,-15.979097366333008
502,1,-10.000696182250977
503,0,-15.928085327148438
503,1,-23.16246795654297
504,0,-15.663187026977539
504,1,-21.68203353881836
505,0,-15.685068130493164
505,1,-12.867834091186523
506,0,-15.129758834838867
506,1,-14.687906265258789
507,0,-16.164216995239258
507,1,-6.142021179199219
508,0,-16.417869567871094
508,1,-12.751726150512695
509,0,-15.128799438476562
509,1,-24.594539642333984
510,0,-15.706377029418945
510,1,-12.945354461669922
511,0,-16.3513240814209
511,1,-19.444705963134766
512,0,-16.154338836669922
512,1,-28.295263290405273
513,0,-15.965925216674805
513,1,-26.879812240600586
514,0,-16.50872802734375
514,1,-12.212671279907227
515,0,-16.284629821777344
515,1,-19.839397430419922
516,0,-15.980798721313477
516,1,-19.33247947692871
517,0,-16.467058181762695
517,1,-22.239526748657227
518,0,-16.900436401367188
518,1,-15.966565132141113
519,0,-16.1221866607666
519,1,-26.19792938232422
520,0,-16.072776794433594
520,1,-22.017902374267578
521,0,-16.208269119262695
521,1,-18.87982940673828
522,0,-17.032506942749023
522,1,-19.532730102539062
523,0,-16.045696258544922
523,1,-13.439251899719238
524,0,-16.392534255981445
524,1,-19.073089599609375
525,0,-15.75149154663086
525,1,-16.738544464111328
526,0,-15.741109848022461
526,1,-22.323230743408203
527,0,-16.50443458557129
527,1,-18.95850372314453
528,0,-16.48179817199707
528,1,-16.9986629486084
529,0,-16.335987091064453
529,1,-11.933210372924805
530,0,-16.55813217163086
530,1,-20.318103790283203
531,0,-16.839948654174805
531,1,-13.56967830657959
532,0,-17.11558723449707
532,1,-9.38875961303711
533,0,-16.6502685546875
533,1,-17.527484893798828
534,0,-16.357452392578125
534,1,-30.578330993652344
535,0,-17.217344284057617
535,1,-19.881229400634766
536,0,-16.790536880493164
536,1,-16.9637393951416
537,0,-17.167194366455078
537,1,-17.229154586791992
538,0,-16.61859893798828
538,1,-17.129281997680664
539,0,-16.865291595458984
539,1,-21.58624267578125
540,0,-16.795185089111328
540,1,-18.226547241210938
541,0,-16.426454544067383
541,1,-17.22125244140625
542,0,-16.7406063079834
542,1,-13.704336166381836
543,0,-16.143102645874023
543,1,-11.278987884521484
544,0,-15.831884384155273
544,1,-23.492624282836914
545,0,-16.25812530517578
545,1,-15.735915184020996
546,0,-16.37238311767578
546,1,-26.428665161132812
547,0,-16.495525360107422
547,1,-14.723301887512207
548,0,-16.7818660736084
548,1,-13.764607429504395
549,0,-16.594600677490234
549,1,-16.962814331054688
550,0,-16.94007682800293
550,1,-14.658866882324219
551,0,-16.60787010192871
551,1,-27.44428253173828
552,0,-16.73276138305664
552,1,-15.677606582641602
553,0,-17.003889083862305
553,1,-10.846765518188477
554,0,-16.071857452392578
554,1,-18.533924102783203
555,0,-16.476572036743164
555,1,-11.077674865722656
556,0,-16.237201690673828
556,1,-7.657341003417969
557,0,-16.86416244506836
557,1,-18.90141487121582
558,0,-17.18025779724121
558,1,-9.564657211303711
559,0,-16.68339729309082
559,1,-17.202646255493164
560,0,-16.830228805541992
560,1,-12.60190200805664
561,0,-15.92411994934082
561,1,-21.585899353027344
562,0,-17.023021697998047
562,1,-10.542694091796875
563,0,-16.842220306396484
563,1,-17.854087829589844
564,0,-16.837751388549805
564,1,-23.244140625
565,0,-16.58444595336914
565,1,-26.33827781677246
566,0,-16.977806091308594
566,1,-18.867111206054688
567,0,-17.086650848388672
567,1,-10.656612396240234
568,0,-17.482511520385742
568,1,-16.11813735961914
569,0,-17.58134651184082
569,1,-25.023120880126953
570,0,-17.217634201049805
570,1,-24.690282821655273
571,0,-17.858413696289062
571,1,-10.575555801391602
572,0,-17.28873062133789
572,1,-26.06317138671875
573,0,-17.46581268310547
573,1,-24.24856185913086
574,0,-17.63854217529297
574,1,-17.77729034423828
575,0,-17.23870849609375
575,1,-12.304695129394531
576,0,-17.586811065673828
576,1,-20.121681213378906
577,0,-17.135604858398438
577,1,-26.538908004760742
578,0,-17.717193603515625
578,1,-14.867279052734375
579,0,-17.67621612548828
579,1,-9.059288024902344
580,0,-17.338294982910156
580,1,-28.966459274291992
581,0,-17.298107147216797
581,1,-29.381149291992188
582,0,-17.49517822265625
582,1,-22.27164077758789
583,0,-17.2657413482666
583,1,-11.734272956848145
584,0,-17.696271896362305
584,1,-15.438984870910645
585,0,-16.84337043762207
585,1,-19.54856300354004
586,0,-17.48333168029785
586,1,-17.898456573486328
587,0,-17.89461898803711
587,1,-8.581262588500977
588,0,-17.659778594970703
588,1,-16.5625
589,0,-17.972484588623047
589,1,-21.99658203125
590,0,-17.744524002075195
590,1,-23.160953521728516
591,0,-18.10639762878418
591,1,-18.979679107666016
592,0,-17.788524627685547
592,1,-9.895883560180664
593,0,-17.55445098876953
593,1,-22.201610565185547
594,0,-17.275997161865234
594,1,-17.11821746826172
595,0,-17.644180297851562
595,1,-15.431360244750977
596,0,-17.261205673217773
596,1,-12.311056137084961
597,0,-17.695545196533203
597,1,-20.79175567626953
598,0,-17.335391998291016
598,1,-14.738479614257812
599,0,-17.147659301757812
599,1,-12.309748649597168
600,0,-17.96514320373535
600,1,-24.068389892578125
601,0,-17.603853225708008
601,1,-16.500091552734375
602,0,-17.17660140991211
602,1,-17.02414894104004
603,0,-18.06962013244629
603,1,-21.588417053222656
604,0,-17.381750106811523
604,1,-17.977046966552734
605,0,-18.19122886657715
605,1,-15.89169692993164
606,0,-17.799362182617188
606,1,-16.12572479248047
607,0,-17.758819580078125
607,1,-10.491541862487793
608,0,-17.94666290283203
608,1,-19.33223533630371
609,0,-18.085865020751953
609,1,-27.659130096435547
610,0,-18.14276885986328
610,1,-19.04079246520996
611,0,-18.256641387939453
611,1,-13.707578659057617
612,0,-18.059406280517578
612,1,-27.250568389892578
613,0,-17.7901611328125
613,1,-24.151504516601562
614,0,-17.69988441467285
614,1,-23.769996643066406
615,0,-17.705846786499023
615,1,-19.078784942626953
616,0,-18.509309768676758
616,1,-20.316354751586914
617,0,-17.851287841796875
617,1,-21.28221893310547
618,0,-18.339942932128906
618,1,-13.244102478027344
619,0,-17.84154510498047
619,1,-17.27859878540039
620,0,-18.06167221069336
620,1,-13.270561218261719
621,0,-17.965545654296875
621,1,-19.51284408569336
622,0,-18.286924362182617
622,1,-30.01312255859375
623,0,-17.73784828186035
623,1,-13.483617782592773
624,0,-18.612478256225586
624,1,-20.109859466552734
625,0,-17.50718116760254
625,1,-21.75180435180664
626,0,-18.092676162719727
626,1,-17.64337158203125
627,0,-17.915416717529297
627,1,-21.141342163085938
628,0,-18.68014907836914
628,1,-21.46137809753418
629,0,-18.13290786743164
629,1,-20.674213409423828
630,0,-17.539592742919922
630,1,-22.525381088256836
631,0,-18.167339324951172
631,1,-27.90376853942871
632,0,-18.684017181396484
632,1,-10.179862976074219
633,0,-17.95517921447754
633,1,-17.957080841064453
634,0,-18.5023136138916
634,1,-9.596170425415039
635,0,-18.45712661743164
635,1,-19.056678771972656
636,0,-18.87371253967285
636,1,-13.746707916259766
637,0,-18.456666946411133
637,1,-16.49698257446289
638,0,-18.560758590698242
638,1,-15.221416473388672
639,0,-18.13121223449707
639,1,-25.341453552246094
640,0,-18.454465866088867
640,1,-28.682031631469727
641,0,-18.648557662963867
641,1,-17.34473419189453
642,0,-18.42878532409668
642,1,-15.116079330444336
643,0,-18.424816131591797
643,1,-15.635007858276367
644,0,-18.511259078979492
644,1,-16.08137321472168
645,0,-18.05771255493164
645,1,-18.503013610839844
646,0,-18.436763763427734
646,1,-20.18811798095703
647,0,-17.800920486450195
647,1,-15.701620101928711
648,0,-18.53437042236328
648,1,-24.43703842163086
649,0,-18.615867614746094
649,1,-11.035061836242676
650,0,-18.32528305053711
650,1,-27.12335968017578
651,0,-18.476037979125977
651,1,-16.280445098876953
652,0,-18.19478988647461
652,1,-18.944549560546875
653,0,-18.431934356689453
653,1,-22.718929290771484
654,0,-19.483518600463867
654,1,-2.7258434295654297
655,0,-18.713218688964844
655,1,-20.679428100585938
656,0,-18.37481689453125
656,1,-28.69843292236328
657,0,-18.167362213134766
657,1,-21.87885856628418
658,0,-17.954647064208984
658,1,-27.732078552246094
659,0,-18.635047912597656
659,1,-12.081254959106445
660,0,-18.864185333251953
660,1,-17.436819076538086
661,0,-18.633014678955078
661,1,-21.904415130615234
662,0,-18.491458892822266
662,1,-28.935100555419922
663,0,-18.351016998291016
663,1,-19.716503143310547
664,0,-18.474365234375
664,1,-8.591848373413086
665,0,-18.47524642944336
665,1,-8.395273208618164
666,0,-17.612079620361328
666,1,-30.1938419342041
667,0,-19.243656158447266
667,1,-21.44603729248047
668,0,-18.720991134643555
668,1,-9.691265106201172
669,0,-18.853290557861328
669,1,-17.84415626525879
670,0,-18.856945037841797
670,1,-22.144134521484375
671,0,-18.501056671142578
671,1,-21.6877498626709
672,0,-18.717777252197266
672,1,-15.212998390197754
673,0,-18.421588897705078
673,1,-22.819965362548828
674,0,-19.024539947509766
674,1,-19.733535766601562
675,0,-19.089908599853516
675,1,-17.535009384155273
676,0,-19.01422119140625
676,1,-25.289621353149414
677,0,-18.410165786743164
677,1,-15.34990406036377
678,0,-18.647615432739258
678,1,-15.606359481811523
679,0,-18.56138038635254
679,1,-6.328615188598633
680,0,-18.385007858276367
680,1,-21.424922943115234
681,0,-18.51849365234375
681,1,-21.47625160217285
682,0,-18.342500686645508
682,1,-27.117015838623047
683,0,-18.341896057128906
683,1,-27.658222198486328
684,0,-18.643537521362305
684,1,-14.897787094116211
685,0,-19.275516510009766
685,1,-14.66164493560791
686,0,-19.100330352783203
686,1,-21.163055419921875
687,0,-19.297840118408203
687,1,-18.798900604248047
688,0,-18.965362548828125
688,1,-17.329635620117188
689,0,-19.29700469970703
689,1,-14.50975227355957
690,0,-18.396352767944336
690,1,-20.699295043945312
691,0,-19.14712905883789
691,1,-23.328998565673828
692,0,-18.403545379638672
692,1,-20.442420959472656
693,0,-18.87775421142578
693,1,-19.17365264892578
694,0,-19.211387634277344
694,1,-4.860760688781738
695,0,-18.867767333984375
695,1,-17.761613845825195
696,0,-19.359899520874023
696,1,-10.385087966918945
697,0,-19.224346160888672
697,1,-23.887298583984375
698,0,-19.467731475830078
698,1,-19.631975173950195
699,0,-18.98151206970215
699,1,-19.641857147216797
700,0,-19.224477767944336
700,1,-16.802705764770508
701,0,-19.202590942382812
701,1,-20.197338104248047
702,0,-18.777143478393555
702,1,-16.920501708984375
703,0,-19.0666446685791
703,1,-13.465243339538574
704,0,-19.201934814453125
704,1,-17.29754066467285
705,0,-18.9197998046875
705,1,-11.359941482543945
706,0,-18.837156295776367
706,1,-24.040714263916016
707,0,-19.326988220214844
707,1,-23.052505493164062
708,0,-19.149185180664062
708,1,-26.08136749267578
709,0,-19.406965255737305
709,1,-13.150471687316895
710,0,-19.172861099243164
710,1,-19.630752563476562
711,0,-19.7623348236084
711,1,-21.474435806274414
712,0,-19.374042510986328
712,1,-16.187137603759766
713,0,-18.57440948486328
713,1,-20.5279483795166
714,0,-18.8027286529541
714,1,-26.50732421875
715,0,-18.728694915771484
715,1,-24.46526336669922
716,0,-18.605548858642578
716,1,-20.628541946411133
717,0,-19.007781982421875
717,1,-19.752689361572266
718,0,-18.983030319213867
718,1,-20.351633071899414
719,0,-19.20201873779297
719,1,-31.136478424072266
720,0,-18.757143020629883
720,1,-26.674449920654297
721,0,-18.7904052734375
721,1,-25.59278678894043
722,0,-19.153980255126953
722,1,-19.18023681640625
723,0,-18.585350036621094
723,1,-22.423736572265625
724,0,-19.68905258178711
724,1,-13.253752708435059
725,0,-19.271137237548828
725,1,-20.90087890625
726,0,-19.812374114990234
726,1,-10.99460506439209
727,0,-19.60633087158203
727,1,-22.32649040222168
728,0,-19.799373626708984
728,1,-11.73108196258545
729,0,-19.61220932006836
729,1,-18.14229965209961
730,0,-19.689605712890625
730,1,-22.31198501586914
731,0,-19.86503028869629
731,1,-17.894916534423828
732,0,-19.51560401916504
732,1,-26.57978057861328
733,0,-19.01254653930664
733,1,-7.99017333984375
734,0,-18.813190460205078
734,1,-27.128063201904297
735,0,-19.356962203979492
735,1,-22.501811981201172
736,0,-20.016197204589844
736,1,-12.801989555358887
737,0,-19.298965454101562
737,1,-27.857154846191406
738,0,-19.487232208251953
738,1,-17.718603134155273
739,0,-18.945329666137695
739,1,-26.385801315307617
740,0,-19.75992774963379
740,1,-15.027950286865234
741,0,-19.288528442382812
741,1,-21.521751403808594
742,0,-19.099531173706055
742,1,-20.598419189453125
743,0,-19.328420639038086
743,1,-22.853031158447266
744,0,-19.49611473083496
744,1,-20.253643035888672
745,0,-19.524616241455078
745,1,-18.59625816345215
746,0,-20.16735076904297
746,1,-22.042940139770508
747,0,-20.010108947753906
747,1,-17.126216888427734
748,0,-19.237260818481445
748,1,-20.072799682617188
749,0,-18.868698120117188
749,1,-22.611722946166992
750,0,-18.59894561767578
750,1,-36.201351165771484
751,0,-18.91149139404297
751,1,-16.822418212890625
752,0,-18.734071731567383
752,1,-22.13035011291504
753,0,-19.233304977416992
753,1,-12.531503677368164
754,0,-19.103885650634766
754,1,-24.772769927978516
755,0,-19.078012466430664
755,1,-12.234871864318848
756,0,-19.358013153076172
756,1,-22.246309280395508
757,0,-19.778438568115234
757,1,-15.022356033325195
758,0,-20.103910446166992
758,1,-13.767735481262207
759,0,-19.848873138427734
759,1,-22.292699813842773
760,0,-20.336071014404297
760,1,-15.11273193359375
761,0,-20.03668785095215
761,1,-22.63486671447754
762,0,-19.750219345092773
762,1,-32.74484634399414
763,0,-20.253816604614258
763,1,-24.68811798095703
764,0,-20.427635192871094
764,1,-14.382678985595703
765,0,-19.837337493896484
765,1,-23.575504302978516
766,0,-20.165943145751953
766,1,-10.832060813903809
767,0,-19.973743438720703
767,1,-22.614261627197266
768,0,-20.570680618286133
768,1,-12.734224319458008
769,0,-20.25741958618164
769,1,-19.489906311035156
770,0,-20.162052154541016
770,1,-13.068011283874512
771,0,-20.15121841430664
771,1,-26.132308959960938
772,0,-20.15570640563965
772,1,-22.385807037353516
773,0,-19.63433837890625
773,1,-17.3228816986084
774,0,-20.071941375732422
774,1,-21.366622924804688
775,0,-19.928647994995117
775,1,-22.710445404052734
776,0,-20.17631721496582
776,1,-19.35620880126953
777,0,-20.117334365844727
777,1,-30.836483001708984
778,0,-20.961471557617188
778,1,-17.858476638793945
779,0,-20.326169967651367
779,1,-16.28057861328125
780,0,-19.618610382080078
780,1,-28.719257354736328
781,0,-19.787918090820312
781,1,-25.469772338867188
782,0,-21.031967163085938
782,1,-11.5867338180542
783,0,-20.62948989868164
783,1,-9.62767505645752
784,0,-20.34130859375
784,1,-13.382478713989258
785,0,-19.761646270751953
785,1,-20.324323654174805
786,0,-20.48960304260254
786,1,-20.56903076171875
787,0,-20.065156936645508
787,1,-17.703338623046875
788,0,-19.959819793701172
788,1,-17.493484497070312
789,0,-20.108055114746094
789,1,-22.470352172851562
790,0,-20.40609359741211
790,1,-16.260799407958984
791,0,-20.347900390625
791,1,-27.263460159301758
792,0,-20.04399871826172
792,1,-20.319072723388672
793,0,-20.756250381469727
793,1,-14.14599609375
794,0,-20.127418518066406
794,1,-19.256542205810547
795,0,-19.72659683227539
795,1,-30.227508544921875
796,0,-20.196731567382812
796,1,-20.26272201538086
797,0,-20.022417068481445
797,1,-16.350811004638672
798,0,-20.660293579101562
798,1,-21.525718688964844
799,0,-19.850627899169922
799,1,-30.252042770385742
800,0,-20.70587158203125
800,1,-19.10654640197754
801,0,-20.47807502746582
801,1,-27.183452606201172
802,0,-20.8405818939209
802,1,-16.292457580566406
803,0,-20.330780029296875
803,1,-15.458857536315918
804,0,-20.02198028564453
804,1,-19.752948760986328
805,0,-20.822803497314453
805,1,-14.79691219329834
806,0,-20.742414474487305
806,1,-24.986103057861328
807,0,-20.59459686279297
807,1,-16.637880325317383
808,0,-20.03227424621582
808,1,-27.57468032836914
809,0,-20.738853454589844
809,1,-16.069644927978516
810,0,-20.798992156982422
810,1,-22.755373001098633
811,0,-20.770099639892578
811,1,-17.452571868896484
812,0,-20.872486114501953
812,1,-30.979976654052734
813,0,-20.470561981201172
813,1,-26.350078582763672
814,0,-21.12497329711914
814,1,-9.273809432983398
815,0,-20.527067184448242
815,1,-19.781654357910156
816,0,-20.387767791748047
816,1,-19.859394073486328
817,0,-20.534992218017578
817,1,-20.606861114501953
818,0,-21.259899139404297
818,1,-18.475513458251953
819,0,-20.742504119873047
819,1,-26.463027954101562
820,0,-20.862648010253906
820,1,-28.4393310546875
821,0,-20.41145133972168
821,1,-22.48419952392578
822,0,-21.06819725036621
822,1,-15.979324340820312
823,0,-20.816322326660156
823,1,-19.212907791137695
824,0,-21.381954193115234
824,1,-10.290278434753418
825,0,-21.127700805664062
825,1,-17.58474349975586
826,0,-20.419260025024414
826,1,-25.842052459716797
827,0,-21.137287139892578
827,1,-28.400663375854492
828,0,-20.696075439453125
828,1,-21.90741539001465
829,0,-20.973411560058594
829,1,-26.59425163269043
830,0,-21.011066436767578
830,1,-25.355506896972656
831,0,-20.586994171142578
831,1,-20.877031326293945
832,0,-20.7777156829834
832,1,-30.03362464904785
833,0,-20.65338134765625
833,1,-21.810712814331055
834,0,-20.82318878173828
834,1,-14.526101112365723
835,0,-20.268312454223633
835,1,-17.53516387939453
836,0,-20.917156219482422
836,1,-26.290794372558594
837,0,-20.547224044799805
837,1,-19.324813842773438
838,0,-20.642826080322266
838,1,-18.67376136779785
839,0,-21.509265899658203
839,1,-10.705808639526367
840,0,-20.44174575805664
840,1,-22.7653751373291
841,0,-20.351613998413086
841,1,-17.67783546447754
842,0,-20.21478843688965
842,1,-19.395309448242188
843,0,-21.200855255126953
843,1,-20.749759674072266
844,0,-21.50439453125
844,1,-18.576190948486328
845,0,-20.980365753173828
845,1,-18.898895263671875
846,0,-21.234704971313477
846,1,-19.235820770263672
847,0,-20.925987243652344
847,1,-30.463001251220703
848,0,-20.9969425201416
848,1,-31.204082489013672
849,0,-21.438905715942383
849,1,-24.87881851196289
850,0,-20.7889404296875
850,1,-21.88077163696289
851,0,-20.659889221191406
851,1,-21.388511657714844
852,0,-21.40123748779297
852,1,-14.647141456604004
853,0,-20.943851470947266
853,1,-17.289466857910156
854,0,-21.061853408813477
854,1,-12.216241836547852
855,0,-20.902324676513672
855,1,-28.358123779296875
856,0,-20.765361785888672
856,1,-28.631811141967773
857,0,-21.267578125
857,1,-12.806839942932129
858,0,-21.11603546142578
858,1,-26.855192184448242
859,0,-21.147951126098633
859,1,-15.658130645751953
860,0,-21.027238845825195
860,1,-32.29942321777344
861,0,-20.970352172851562
861,1,-22.567481994628906
862,0,-21.248638153076172
862,1,-21.239227294921875
863,0,-21.029708862304688
863,1,-22.587512969970703
864,0,-20.712970733642578
864,1,-28.389545440673828
865,0,-21.15870475769043
865,1,-27.33924102783203
866,0,-21.210403442382812
866,1,-24.94753074645996
867,0,-20.816200256347656
867,1,-25.290874481201172
868,0,-21.027620315551758
868,1,-13.759577751159668
869,0,-21.107540130615234
869,1,-23.336402893066406
870,0,-21.300010681152344
870,1,-20.689184188842773
871,0,-21.637920379638672
871,1,-15.397926330566406
872,0,-21.380115509033203
872,1,-18.567501068115234
873,0,-21.413864135742188
873,1,-23.4191837310791
874,0,-21.397367477416992
874,1,-19.65019416809082
875,0,-21.982542037963867
875,1,-21.320648193359375
876,0,-21.36168670654297
876,1,-23.836584091186523
877,0,-21.390424728393555
877,1,-13.774567604064941
878,0,-21.028501510620117
878,1,-12.173454284667969
879,0,-21.6181640625
879,1,-24.347618103027344
880,0,-21.83794593811035
880,1,-16.15581512451172
881,0,-21.087112426757812
881,1,-21.436687469482422
882,0,-21.480785369873047
882,1,-19.069828033447266
883,0,-21.12911033630371
883,1,-24.415008544921875
884,0,-21.611495971679688
884,1,-16.37839698791504
885,0,-21.96829605102539
885,1,-9.759027481079102
886,0,-21.114225387573242
886,1,-15.055227279663086
887,0,-21.343158721923828
887,1,-21.41671371459961
888,0,-21.694137573242188
888,1,-15.451651573181152
889,0,-22.026948928833008
889,1,-14.454704284667969
890,0,-21.986289978027344
890,1,-19.15355110168457
891,0,-21.607803344726562
891,1,-27.259296417236328
892,0,-21.657018661499023
892,1,-14.51237678527832
893,0,-21.271739959716797
893,1,-21.780887603759766
894,0,-21.506399154663086
894,1,-26.465919494628906
895,0,-21.597686767578125
895,1,-22.19527816772461
896,0,-21.801258087158203
896,1,-29.8773193359375
897,0,-21.673147201538086
897,1,-12.886358261108398
898,0,-21.762086868286133
898,1,-13.857282638549805
899,0,-21.518672943115234
899,1,-16.868122100830078
900,0,-21.58489227294922
900,1,-18.484668731689453
901,0,-21.264083862304688
901,1,-27.384477615356445
902,0,-21.807308197021484
902,1,-14.113983154296875
903,0,-22.319473266601562
903,1,-16.11931610107422
904,0,-21.900318145751953
904,1,-27.819252014160156
905,0,-21.925579071044922
905,1,-25.363197326660156
906,0,-21.166189193725586
906,1,-34.220603942871094
907,0,-21.931636810302734
907,1,-14.171265602111816
908,0,-21.567344665527344
908,1,-26.857723236083984
909,0,-21.526660919189453
909,1,-28.405927658081055
910,0,-22.486825942993164
910,1,-24.47947120666504
911,0,-22.052570343017578
911,1,-20.264198303222656
912,0,-22.12398338317871
912,1,-28.29053497314453
913,0,-22.440574645996094
913,1,-19.50259017944336
914,0,-22.078580856323242
914,1,-15.696939468383789
915,0,-21.349063873291016
915,1,-28.707040786743164
916,0,-21.771936416625977
916,1,-18.989614486694336
917,0,-22.066299438476562
917,1,-21.59827995300293
918,0,-22.283432006835938
918,1,-21.748262405395508
919,0,-22.153270721435547
919,1,-20.15167999267578
920,0,-22.374603271484375
920,1,-13.942289352416992
921,0,-22.01549530029297
921,1,-17.712844848632812
922,0,-21.89569091796875
922,1,-25.55109977722168
923,0,-22.015716552734375
923,1,-14.731575965881348
924,0,-21.934066772460938
924,1,-20.970088958740234
925,0,-22.189617156982422
925,1,-13.7662992477417
926,0,-22.854583740234375
926,1,-18.434158325195312
927,0,-23.026308059692383
927,1,-21.46698570251465
928,0,-21.895381927490234
928,1,-12.814395904541016
929,0,-22.336515426635742
929,1,-18.23830795288086
930,0,-21.799152374267578
930,1,-26.276290893554688
931,0,-22.284059524536133
931,1,-21.609539031982422
932,0,-22.074668884277344
932,1,-20.16460418701172
933,0,-22.409069061279297
933,1,-15.406289100646973
934,0,-22.299476623535156
934,1,-28.786251068115234
935,0,-21.608428955078125
935,1,-26.22547721862793
936,0,-22.576635360717773
936,1,-17.721240997314453
937,0,-22.65602684020996
937,1,-15.160188674926758
938,0,-22.58470916748047
938,1,-21.627281188964844
939,0,-22.27867889404297
939,1,-21.909330368041992
940,0,-22.435455322265625
940,1,-23.01270294189453
941,0,-21.502267837524414
941,1,-27.463973999023438
942,0,-22.636032104492188
942,1,-27.144906997680664
943,0,-22.00094223022461
943,1,-28.292972564697266
944,0,-21.976259231567383
944,1,-19.764108657836914
945,0,-22.712766647338867
945,1,-17.70413589477539
946,0,-22.3183650970459
946,1,-25.787399291992188
947,0,-22.53825569152832
947,1,-23.314945220947266
948,0,-22.198619842529297
948,1,-19.626798629760742
949,0,-22.178760528564453
949,1,-19.31155014038086
950,0,-22.41787338256836
950,1,-17.7651424407959
951,0,-22.533618927001953
951,1,-12.97201919555664
952,0,-22.133377075195312
952,1,-24.806819915771484
953,0,-22.672630310058594
953,1,-19.43267822265625
954,0,-22.323659896850586
954,1,-29.856689453125
955,0,-22.976409912109375
955,1,-10.79419231414795
956,0,-22.19902992248535
956,1,-26.409095764160156
957,0,-22.232097625732422
957,1,-31.29889488220215
958,0,-22.697843551635742
958,1,-21.989948272705078
959,0,-22.79131507873535
959,1,-19.99889373779297
960,0,-22.556262969970703
960,1,-24.822265625
961,0,-22.688169479370117
961,1,-16.319137573242188
962,0,-22.607440948486328
962,1,-18.05936050415039
963,0,-22.602962493896484
963,1,-22.061779022216797
964,0,-22.283388137817383
964,1,-33.252357482910156
965,0,-22.636402130126953
965,1,-23.948564529418945
966,0,-23.38716697692871
966,1,-20.758487701416016
967,0,-22.974712371826172
967,1,-31.702239990234375
968,0,-22.944374084472656
968,1,-26.075878143310547
969,0,-22.962244033813477
969,1,-18.71411895751953
970,0,-22.84212875366211
970,1,-25.028291702270508
971,0,-22.951099395751953
971,1,-16.307144165039062
972,0,-23.35993194580078
972,1,-21.363033294677734
973,0,-23.22277069091797
973,1,-15.424297332763672
974,0,-22.782466888427734
974,1,-25.09572410583496
975,0,-22.871870040893555
975,1,-8.256587982177734
976,0,-23.21156883239746
976,1,-13.434652328491211
977,0,-22.938751220703125
977,1,-22.902835845947266
978,0,-22.834945678710938
978,1,-33.03638458251953
979,0,-23.192781448364258
979,1,-26.32046890258789
980,0,-23.140972137451172
980,1,-24.05987548828125
981,0,-22.72406578063965
981,1,-22.63640594482422
982,0,-23.018394470214844
982,1,-25.261859893798828
983,0,-23.274120330810547
983,1,-21.062278747558594
984,0,-23.368207931518555
984,1,-25.301849365234375
985,0,-23.223491668701172
985,1,-21.608478546142578
986,0,-22.5191650390625
986,1,-21.78207778930664
987,0,-23.446365356445312
987,1,-19.2578067779541
988,0,-22.713645935058594
988,1,-27.559085845947266
989,0,-23.381553649902344
989,1,-18.51218605041504
990,0,-23.18205451965332
990,1,-17.53898048400879
991,0,-23.09072494506836
991,1,-23.288000106811523
992,0,-23.23627281188965
992,1,-21.29055404663086
993,0,-23.9537353515625
993,1,-17.334487915039062
994,0,-22.477203369140625
994,1,-31.638927459716797
995,0,-23.267480850219727
995,1,-28.65135955810547
996,0,-22.739416122436523
996,1,-17.525104522705078
997,0,-23.15378189086914
997,1,-20.687400817871094
998,0,-22.788114547729492
998,1,-22.581403732299805
999,0,-22.998435974121094
999,1,-19.57317543029785
