,Epoch,Generator Loss,Discriminator Loss
0,0,0.7835387587547302,-0.02058747038245201
1,1,0.8276651501655579,-0.04206094145774841
2,2,0.7995799779891968,-0.08617136627435684
3,3,0.841400146484375,-0.11591646075248718
4,4,0.7556714415550232,-0.1981431245803833
5,5,0.7616192102432251,-0.23087826371192932
6,6,0.7038807272911072,-0.29100945591926575
7,7,0.7555797100067139,-0.3395424485206604
8,8,0.6890046000480652,-0.4229050874710083
9,9,0.6083550453186035,-0.4602392017841339
10,10,0.5577561855316162,-0.5719791650772095
11,11,0.47879600524902344,-0.5747122764587402
12,12,0.3918948769569397,-0.5429700613021851
13,13,0.19813141226768494,-0.6954606175422668
14,14,0.11252576112747192,-0.5786181092262268
15,15,0.0280112624168396,-0.7156339287757874
16,16,-0.2479715347290039,-0.7448151707649231
17,17,-0.41414785385131836,-0.5177615880966187
18,18,-0.4449978470802307,-0.5741158723831177
19,19,-0.4974740147590637,-0.7147372961044312
20,20,-0.832551121711731,-0.4512542486190796
21,21,-0.8571274280548096,-0.5155830383300781
22,22,-1.0488574504852295,-0.28223717212677
23,23,-1.0897185802459717,-0.3270658254623413
24,24,-1.0468347072601318,-0.5365535020828247
25,25,-1.222497582435608,-0.2856084108352661
26,26,-1.0500726699829102,-0.2965559959411621
27,27,-1.1591984033584595,-0.15958106517791748
28,28,-1.131880521774292,-0.37664997577667236
29,29,-1.0047228336334229,-0.30061936378479004
30,30,-1.2139590978622437,-0.06923043727874756
31,31,-1.1957926750183105,-0.03615736961364746
32,32,-1.09183669090271,-0.06310546398162842
33,33,-1.206941843032837,0.056177377700805664
34,34,-1.3230233192443848,0.11103904247283936
35,35,-1.2938752174377441,0.17971062660217285
36,36,-1.293471097946167,0.25827527046203613
37,37,-1.1908764839172363,0.21181964874267578
38,38,-1.323772668838501,0.13403236865997314
39,39,-1.1569795608520508,0.13943791389465332
40,40,-1.2043673992156982,0.11789119243621826
41,41,-1.256935477256775,-0.037214040756225586
42,42,-1.1495022773742676,0.12369120121002197
43,43,-1.1175256967544556,0.2640409469604492
44,44,-1.0511131286621094,0.1564575433731079
45,45,-1.0357880592346191,0.16323232650756836
46,46,-0.904532790184021,-0.14334475994110107
47,47,-0.7532674074172974,0.09040403366088867
48,48,-0.7491142749786377,0.00658261775970459
49,49,-0.8376146554946899,-0.097412109375
50,50,-0.7113815546035767,-0.0025000572204589844
51,51,-0.7890338897705078,-0.019173383712768555
52,52,-0.6837213635444641,0.02383601665496826
53,53,-0.8607063889503479,0.07445681095123291
54,54,-0.724524974822998,0.165228009223938
55,55,-0.8206291198730469,0.07423341274261475
56,56,-0.8523297309875488,0.20432424545288086
57,57,-0.9749066829681396,0.24620318412780762
58,58,-0.8067431449890137,0.21732711791992188
59,59,-0.9396013617515564,0.12949776649475098
60,60,-0.9599547386169434,0.3280264139175415
61,61,-0.9368099570274353,0.11741983890533447
62,62,-0.8623775243759155,0.16337859630584717
63,63,-1.0779584646224976,0.19233179092407227
64,64,-0.9538246393203735,0.05791425704956055
65,65,-0.9556769132614136,0.2253056764602661
66,66,-0.8831236362457275,0.2433544397354126
67,67,-0.9460738897323608,0.09078729152679443
68,68,-0.9190894365310669,-0.05079984664916992
69,69,-0.8405269384384155,0.10621047019958496
70,70,-0.8553382158279419,0.12518823146820068
71,71,-0.8532980680465698,-0.026320695877075195
72,72,-0.7997399568557739,0.03594803810119629
73,73,-0.8062511682510376,0.08485448360443115
74,74,-0.7513803243637085,0.10399723052978516
75,75,-0.686331033706665,-0.04982435703277588
76,76,-0.8348034620285034,0.06805896759033203
77,77,-0.960445761680603,0.07523250579833984
78,78,-0.9533799886703491,0.2901606559753418
79,79,-0.9204493761062622,0.30922889709472656
80,80,-1.0120033025741577,0.07006347179412842
81,81,-1.123550295829773,0.07322156429290771
82,82,-1.1466795206069946,0.31850481033325195
83,83,-1.3438925743103027,0.2789943218231201
84,84,-1.2847872972488403,0.3790137767791748
85,85,-1.3996129035949707,0.3170156478881836
86,86,-1.4319889545440674,0.32665038108825684
87,87,-1.4184904098510742,0.48282504081726074
88,88,-1.3508753776550293,0.4147590398788452
89,89,-1.5105907917022705,0.3921877145767212
90,90,-1.4010965824127197,0.19342732429504395
91,91,-1.3001123666763306,0.4191763401031494
92,92,-1.2710002660751343,0.17010509967803955
93,93,-1.3446499109268188,0.040691375732421875
94,94,-1.2131314277648926,0.1554950475692749
95,95,-1.3013839721679688,-0.06737244129180908
96,96,-1.1894259452819824,-0.20953857898712158
97,97,-1.213307499885559,0.032534003257751465
98,98,-1.1190168857574463,0.12351632118225098
99,99,-1.3042962551116943,-0.2408994436264038
100,100,-1.127661108970642,-0.1854161024093628
101,101,-1.2131743431091309,-0.2280886173248291
102,102,-1.248453140258789,-0.10918974876403809
103,103,-1.284311294555664,-0.03529691696166992
104,104,-1.3445841073989868,0.061589717864990234
105,105,-1.4212815761566162,-0.07430756092071533
106,106,-1.5251023769378662,-0.08665549755096436
107,107,-1.426169991493225,-0.024516940116882324
108,108,-1.4982209205627441,0.2506524324417114
109,109,-1.576619267463684,0.14698290824890137
110,110,-1.743302345275879,0.08098649978637695
111,111,-1.770443320274353,0.29339146614074707
112,112,-1.713840365409851,0.21493279933929443
113,113,-1.7920951843261719,0.5504062175750732
114,114,-1.9210482835769653,0.3679938316345215
115,115,-1.846411108970642,0.4555368423461914
116,116,-1.8729583024978638,0.36694300174713135
117,117,-1.890411376953125,0.28529322147369385
118,118,-1.8188211917877197,0.40683019161224365
119,119,-1.7462587356567383,0.4224921464920044
120,120,-1.7568135261535645,0.19592559337615967
121,121,-1.5752907991409302,0.1203310489654541
122,122,-1.5392029285430908,0.03825533390045166
123,123,-1.518887996673584,0.07874870300292969
124,124,-1.4408320188522339,-0.23179900646209717
125,125,-1.3236572742462158,0.0006885528564453125
126,126,-1.2734251022338867,0.015516281127929688
127,127,-1.2401741743087769,-0.18688082695007324
128,128,-1.1239409446716309,-0.17112040519714355
129,129,-1.197060465812683,-0.3528001308441162
130,130,-1.166209101676941,-0.34974825382232666
131,131,-1.1860055923461914,-0.15358078479766846
132,132,-1.2566304206848145,-0.23072099685668945
133,133,-1.2611489295959473,0.04494631290435791
134,134,-1.3684438467025757,-0.1421142816543579
135,135,-1.4044581651687622,-0.00895547866821289
136,136,-1.5479646921157837,0.0062732696533203125
137,137,-1.6596307754516602,-0.06921958923339844
138,138,-1.8105093240737915,0.30224609375
139,139,-1.9882899522781372,0.3303797245025635
140,140,-1.9932979345321655,0.45956361293792725
141,141,-2.0813286304473877,0.3556786775588989
142,142,-1.9562981128692627,0.573951005935669
143,143,-2.0827012062072754,0.2382965087890625
144,144,-2.265556812286377,0.40692687034606934
145,145,-2.1444544792175293,0.4995110034942627
146,146,-2.169365167617798,0.3205373287200928
147,147,-2.2951173782348633,0.1089475154876709
148,148,-2.211843729019165,0.022864580154418945
149,149,-2.064649820327759,0.010140419006347656
150,150,-2.050492525100708,0.08899164199829102
151,151,-1.9600474834442139,-0.037816762924194336
152,152,-1.9371699094772339,-0.22852396965026855
153,153,-1.9434118270874023,-0.39392948150634766
154,154,-1.7673695087432861,-0.3049960136413574
155,155,-1.7490818500518799,-0.6936687231063843
156,156,-1.8695638179779053,-0.4898289442062378
157,157,-1.8719151020050049,-0.6465628147125244
158,158,-1.8084042072296143,-0.6961699724197388
159,159,-1.8821587562561035,-0.4033353328704834
160,160,-2.0766544342041016,-0.3097691535949707
161,161,-2.0260753631591797,-0.24376392364501953
162,162,-2.047494411468506,-0.25240612030029297
163,163,-2.148062229156494,-0.15053701400756836
164,164,-2.3810267448425293,0.10447072982788086
165,165,-2.217839241027832,-0.05638837814331055
166,166,-2.6291983127593994,0.4115891456604004
167,167,-2.681674003601074,0.5333497524261475
168,168,-2.8371682167053223,0.40871429443359375
169,169,-2.9032394886016846,0.5930726528167725
170,170,-2.759077787399292,0.48839473724365234
171,171,-2.8747634887695312,0.4649324417114258
172,172,-2.9310362339019775,0.467008113861084
173,173,-2.8023319244384766,0.14056134223937988
174,174,-2.817028522491455,0.5135784149169922
175,175,-2.3782358169555664,0.323716402053833
176,176,-2.3730263710021973,0.021945714950561523
177,177,-2.1516218185424805,-0.050989389419555664
178,178,-2.194246530532837,-0.21831202507019043
179,179,-2.0023298263549805,-0.30191826820373535
180,180,-1.8769181966781616,-0.1737966537475586
181,181,-1.6470563411712646,-0.3304753303527832
182,182,-1.7439671754837036,-0.4505065679550171
183,183,-1.696555256843567,-0.333998441696167
184,184,-1.7487608194351196,-0.12675368785858154
185,185,-1.7128210067749023,-0.11300849914550781
186,186,-1.943476676940918,-0.17537426948547363
187,187,-1.8581082820892334,-0.0957646369934082
188,188,-2.180194139480591,0.1875019073486328
189,189,-2.1640286445617676,0.26341450214385986
190,190,-2.221970558166504,0.40890538692474365
191,191,-2.45601749420166,0.5083589553833008
192,192,-2.373046398162842,0.5227208137512207
193,193,-2.3944661617279053,0.27003955841064453
194,194,-2.3603813648223877,0.3657536506652832
195,195,-2.219879150390625,0.27793073654174805
196,196,-2.1304547786712646,0.12432408332824707
197,197,-2.1615731716156006,0.038684844970703125
198,198,-1.9731619358062744,-0.03624701499938965
199,199,-1.731704592704773,-0.2206416130065918
200,200,-1.7660784721374512,-0.2508673667907715
201,201,-1.8159213066101074,-0.5536140203475952
202,202,-1.6934549808502197,-0.48728883266448975
203,203,-1.738226056098938,-0.49700355529785156
204,204,-1.7886989116668701,-0.5279371738433838
205,205,-1.8402899503707886,-0.25719475746154785
206,206,-1.9581694602966309,-0.18728899955749512
207,207,-2.016831874847412,-0.21061277389526367
208,208,-2.1442534923553467,0.07387471199035645
209,209,-2.2167584896087646,0.23851919174194336
210,210,-2.4392971992492676,0.2927687168121338
211,211,-2.3685920238494873,0.3385794162750244
212,212,-2.276777744293213,0.021685361862182617
213,213,-2.4298009872436523,0.22505593299865723
214,214,-2.221937656402588,-0.13513803482055664
215,215,-2.128056526184082,-0.06881999969482422
216,216,-1.9955201148986816,0.0004222393035888672
217,217,-1.9283840656280518,-0.2080988883972168
218,218,-2.023050546646118,-0.2350606918334961
219,219,-1.817461371421814,-0.31387829780578613
220,220,-1.9129728078842163,-0.10703325271606445
221,221,-1.875025749206543,-0.09529399871826172
222,222,-1.9756847620010376,-0.00862741470336914
223,223,-2.27036452293396,0.18793630599975586
224,224,-2.3255560398101807,0.09801483154296875
225,225,-2.2956624031066895,-0.07200241088867188
226,226,-2.5148847103118896,0.043233633041381836
227,227,-2.544198513031006,0.0584869384765625
228,228,-2.3760602474212646,0.1728363037109375
229,229,-2.4431841373443604,0.09858465194702148
230,230,-2.29783034324646,0.14712190628051758
231,231,-2.326671838760376,0.17274999618530273
232,232,-2.51649808883667,-0.0067021846771240234
233,233,-2.388922691345215,-0.09067821502685547
234,234,-2.3713743686676025,-0.016839027404785156
235,235,-2.4262049198150635,0.07614469528198242
236,236,-2.4595839977264404,0.11223888397216797
237,237,-2.5389328002929688,-0.06611776351928711
238,238,-2.491924524307251,-0.0646517276763916
239,239,-2.4088449478149414,0.21334004402160645
240,240,-2.4474198818206787,0.07501983642578125
241,241,-2.560851812362671,0.31954073905944824
242,242,-2.592543363571167,-0.07823443412780762
243,243,-2.595996618270874,-0.06005239486694336
244,244,-2.6441750526428223,-0.023927688598632812
245,245,-2.596973419189453,-0.25329017639160156
246,246,-2.681856155395508,0.06529474258422852
247,247,-2.580970287322998,-0.16167593002319336
248,248,-2.635866403579712,-0.16497063636779785
249,249,-2.63057804107666,-0.17354393005371094
250,250,-2.6204588413238525,-0.017490863800048828
251,251,-2.753591775894165,-0.1799306869506836
252,252,-2.7520320415496826,-0.10844182968139648
253,253,-2.9273874759674072,-0.06932282447814941
254,254,-2.9096219539642334,0.01600790023803711
255,255,-2.7393040657043457,0.013832569122314453
256,256,-2.813861846923828,-0.21779751777648926
257,257,-2.7148308753967285,-0.06503605842590332
258,258,-2.7485156059265137,-0.18882155418395996
259,259,-2.819054365158081,-0.2834935188293457
260,260,-2.853388547897339,0.03669023513793945
261,261,-2.8030128479003906,0.023370742797851562
262,262,-2.7140727043151855,0.13694214820861816
263,263,-2.6917076110839844,-0.05514216423034668
264,264,-2.891643762588501,-0.07427334785461426
265,265,-2.765723466873169,-0.2583460807800293
266,266,-2.9334936141967773,-0.06272101402282715
267,267,-2.689736843109131,-0.03484177589416504
268,268,-2.854194164276123,-0.0291140079498291
269,269,-2.635852813720703,0.057811737060546875
270,270,-2.7836921215057373,0.0031516551971435547
271,271,-2.9354190826416016,-0.0003142356872558594
272,272,-2.926347017288208,-0.06629467010498047
273,273,-2.8206253051757812,0.10444879531860352
274,274,-2.862614631652832,-0.055414438247680664
275,275,-2.8658459186553955,-0.2864723205566406
276,276,-2.6965951919555664,0.15973663330078125
277,277,-2.8449573516845703,0.0011448860168457031
278,278,-2.772012948989868,-0.029821157455444336
279,279,-2.7131285667419434,-0.10582470893859863
280,280,-2.625673294067383,-0.016053438186645508
281,281,-2.743752956390381,-0.08240461349487305
282,282,-2.608703851699829,0.12079954147338867
283,283,-2.5952351093292236,-0.005434751510620117
284,284,-2.5578222274780273,0.03243899345397949
285,285,-2.4284493923187256,-0.03505587577819824
286,286,-2.3674752712249756,-0.22095465660095215
287,287,-2.5081989765167236,-0.1617450714111328
288,288,-2.4955196380615234,-0.024662494659423828
289,289,-2.500485897064209,-0.09980416297912598
290,290,-2.4944100379943848,0.02892327308654785
291,291,-2.3967173099517822,-0.22482895851135254
292,292,-2.4370763301849365,-0.22236418724060059
293,293,-2.2655675411224365,0.08448958396911621
294,294,-2.3863368034362793,-0.17758846282958984
295,295,-2.406527042388916,-0.21909809112548828
296,296,-2.361600875854492,-0.3184354305267334
297,297,-2.396690607070923,-0.014381885528564453
298,298,-2.3262550830841064,-0.2941470146179199
299,299,-2.26202654838562,-0.3446667194366455
300,300,-2.3273322582244873,-0.3149683475494385
301,301,-2.3290631771087646,-0.3776512145996094
302,302,-2.2896015644073486,-0.13589906692504883
303,303,-2.403651237487793,-0.23418164253234863
304,304,-2.3416833877563477,-0.18787002563476562
305,305,-2.4496443271636963,0.10096430778503418
306,306,-2.4332520961761475,0.08711409568786621
307,307,-2.679713010787964,0.3418715000152588
308,308,-2.4718804359436035,0.25988125801086426
309,309,-2.691957950592041,0.04965639114379883
310,310,-2.8517608642578125,0.24217772483825684
311,311,-2.6645114421844482,0.19731354713439941
312,312,-2.8166215419769287,0.24164676666259766
313,313,-2.7940561771392822,0.3764946460723877
314,314,-2.65030837059021,0.12198305130004883
315,315,-2.5091168880462646,-0.15274310111999512
316,316,-2.4058423042297363,-0.28882265090942383
317,317,-2.187483549118042,-0.2741236686706543
318,318,-2.0206592082977295,-0.3370480537414551
319,319,-2.0251126289367676,-0.15136408805847168
320,320,-1.8609617948532104,-0.5175526142120361
321,321,-1.964124083518982,-0.9888681173324585
322,322,-1.851475715637207,-0.5258498191833496
323,323,-1.5436458587646484,-0.7232949733734131
324,324,-1.697007656097412,-0.3944218158721924
325,325,-1.929984450340271,-0.5457777976989746
326,326,-1.8740177154541016,-0.49445605278015137
327,327,-2.2604362964630127,-0.4184088706970215
328,328,-2.25946307182312,-0.0570528507232666
329,329,-2.1785600185394287,0.025954008102416992
330,330,-2.454094886779785,0.0709986686706543
331,331,-2.584930658340454,0.04227566719055176
332,332,-2.6791903972625732,0.20729827880859375
333,333,-2.7567548751831055,-0.19966363906860352
334,334,-2.685978651046753,0.11599397659301758
335,335,-2.6238853931427,-0.17232704162597656
336,336,-2.7630560398101807,0.13814258575439453
337,337,-2.6973626613616943,-0.09385228157043457
338,338,-2.744189500808716,-0.07216453552246094
339,339,-2.7956604957580566,-0.2305738925933838
340,340,-2.5613327026367188,-0.237990140914917
341,341,-2.450047492980957,-0.2498762607574463
342,342,-2.5210211277008057,-0.2709529399871826
343,343,-2.496373176574707,-0.11326718330383301
344,344,-2.5362939834594727,-0.6292860507965088
345,345,-2.4040088653564453,-0.6028528213500977
346,346,-2.36470890045166,-0.6356315612792969
347,347,-2.5121190547943115,-0.46918582916259766
348,348,-2.194148540496826,-0.6292984485626221
349,349,-2.4484949111938477,-0.40604329109191895
350,350,-2.2669124603271484,-0.5012094974517822
351,351,-2.382903575897217,-0.5118937492370605
352,352,-2.3352904319763184,-0.2224578857421875
353,353,-2.3881537914276123,-0.22166824340820312
354,354,-2.3525497913360596,-0.10972046852111816
355,355,-2.3536572456359863,0.004257917404174805
356,356,-2.590067148208618,-0.3850884437561035
357,357,-2.5337157249450684,-0.21585464477539062
358,358,-2.6757376194000244,0.1220860481262207
359,359,-2.7703492641448975,0.22239184379577637
360,360,-2.8604979515075684,-0.05951571464538574
361,361,-2.7525250911712646,0.0008797645568847656
362,362,-2.7162022590637207,0.11288809776306152
363,363,-2.867269277572632,0.2543783187866211
364,364,-2.5122292041778564,-0.17070817947387695
365,365,-2.547180414199829,-0.2884981632232666
366,366,-2.4497406482696533,-0.09096121788024902
367,367,-2.335775375366211,-0.21034789085388184
368,368,-2.186495065689087,-0.3379838466644287
369,369,-2.047630786895752,-0.4285314083099365
370,370,-1.8664298057556152,-0.36303091049194336
371,371,-1.8823350667953491,-0.6396317481994629
372,372,-1.7488534450531006,-0.597144365310669
373,373,-1.943679690361023,-0.3980395793914795
374,374,-1.7418497800827026,-0.5503387451171875
375,375,-1.6868300437927246,-0.5603874921798706
376,376,-1.7182754278182983,-0.14905071258544922
377,377,-1.5988833904266357,-0.643683910369873
378,378,-1.6222881078720093,-0.3142855167388916
379,379,-1.5974297523498535,-0.3392622470855713
380,380,-1.6015061140060425,-0.37535321712493896
381,381,-1.7441455125808716,-0.1916806697845459
382,382,-1.7049401998519897,0.027004241943359375
383,383,-1.8205986022949219,-0.21685492992401123
384,384,-1.9344199895858765,-0.4109739065170288
385,385,-1.8308467864990234,-0.08491635322570801
386,386,-1.8883217573165894,-0.06825542449951172
387,387,-1.771109700202942,-0.2184295654296875
388,388,-1.772278070449829,-0.06668829917907715
389,389,-1.855848789215088,-0.08068990707397461
390,390,-2.0180680751800537,-0.21026599407196045
391,391,-1.8145020008087158,0.029947996139526367
392,392,-1.820702075958252,-0.36942732334136963
393,393,-1.8945499658584595,-0.19788002967834473
394,394,-1.803091049194336,-0.2017984390258789
395,395,-1.936557650566101,-0.20223259925842285
396,396,-1.605979084968567,-0.39787375926971436
397,397,-1.7928085327148438,-0.305574893951416
398,398,-1.581587791442871,-0.654810905456543
399,399,-1.7487680912017822,-0.44578468799591064
400,400,-1.6139752864837646,-0.09410393238067627
401,401,-1.6464449167251587,-0.3938077688217163
402,402,-1.701215386390686,-0.251381516456604
403,403,-1.7630622386932373,-0.13251972198486328
404,404,-1.7983715534210205,-0.2656170129776001
405,405,-1.8775042295455933,-0.18941116333007812
406,406,-1.8045427799224854,0.004779338836669922
407,407,-1.9320439100265503,-0.18965578079223633
408,408,-1.9185750484466553,-0.38876938819885254
409,409,-1.7424761056900024,-0.38571810722351074
410,410,-1.9006686210632324,-0.3674755096435547
411,411,-1.8102816343307495,-0.5617408752441406
412,412,-1.754980444908142,-0.5190460681915283
413,413,-1.4956656694412231,-0.5949082374572754
414,414,-1.8670116662979126,-0.7365854978561401
415,415,-1.7222825288772583,-0.6847525835037231
416,416,-1.7985825538635254,-0.7008593082427979
417,417,-1.4144548177719116,-0.8469556570053101
418,418,-1.5434845685958862,-0.6894229650497437
419,419,-1.4384126663208008,-0.7285271883010864
420,420,-1.658820390701294,-0.44690072536468506
421,421,-1.406427025794983,-0.33581316471099854
422,422,-1.576806902885437,-0.3210090398788452
423,423,-1.7349759340286255,-0.18018817901611328
424,424,-1.6089208126068115,-0.25504446029663086
425,425,-1.5951619148254395,-0.03039395809173584
426,426,-1.701733112335205,0.1034618616104126
427,427,-1.8338358402252197,-0.22121822834014893
428,428,-1.6362824440002441,0.2677147388458252
429,429,-1.6437164545059204,0.05868947505950928
430,430,-1.7882540225982666,0.027700185775756836
431,431,-1.550949215888977,-0.24680662155151367
432,432,-1.549797534942627,-0.12252163887023926
433,433,-1.5182414054870605,-0.38922882080078125
434,434,-1.5562405586242676,-0.48856282234191895
435,435,-1.3708573579788208,-0.2156047821044922
436,436,-1.3687306642532349,-0.5337508916854858
437,437,-1.0378212928771973,-0.7054470777511597
438,438,-0.946800708770752,-0.7597078084945679
439,439,-1.203934669494629,-0.9722316265106201
440,440,-1.0347474813461304,-0.5360217094421387
441,441,-1.0661321878433228,-0.805525541305542
442,442,-1.1232478618621826,-0.5232857465744019
443,443,-0.9386550784111023,-0.48672330379486084
444,444,-0.9270793795585632,-0.4072209596633911
445,445,-1.0847827196121216,-0.7360427379608154
446,446,-1.2116138935089111,-0.1454172134399414
447,447,-0.981610119342804,-0.42242348194122314
448,448,-1.3836638927459717,-0.1078643798828125
449,449,-1.2292970418930054,-0.1911907196044922
450,450,-1.1268789768218994,-0.1173095703125
451,451,-1.543995976448059,0.040186285972595215
452,452,-1.5991103649139404,-0.19911396503448486
453,453,-1.3052810430526733,-0.277201771736145
454,454,-1.3495575189590454,-0.25978612899780273
455,455,-1.477922797203064,-0.028789043426513672
456,456,-1.271950602531433,-0.09995734691619873
457,457,-1.485726237297058,0.03235471248626709
458,458,-1.473949670791626,-0.33562207221984863
459,459,-1.2399570941925049,-0.4306933879852295
460,460,-1.2607651948928833,-0.31016623973846436
461,461,-1.2899225950241089,-0.32105743885040283
462,462,-1.2589255571365356,-0.7383228540420532
463,463,-1.1827665567398071,-0.4034304618835449
464,464,-1.216351866722107,-0.4710656404495239
465,465,-1.3573604822158813,-0.4873915910720825
466,466,-1.2715377807617188,-0.33759212493896484
467,467,-1.2094544172286987,-0.44143176078796387
468,468,-1.2563142776489258,-0.35008907318115234
469,469,-1.519464135169983,-0.5574761629104614
470,470,-1.5366219282150269,-0.1991283893585205
471,471,-1.773188829421997,-0.21335697174072266
472,472,-1.7173244953155518,-0.26605725288391113
473,473,-1.681613564491272,-0.2967400550842285
474,474,-1.7577022314071655,0.10223841667175293
475,475,-1.923740267753601,0.029134511947631836
476,476,-1.7921273708343506,0.1504840850830078
477,477,-1.8492653369903564,-0.04112887382507324
478,478,-1.9592511653900146,-0.14039528369903564
479,479,-1.890577793121338,-0.3664205074310303
480,480,-2.0000948905944824,-0.06253767013549805
481,481,-1.7169320583343506,0.18231141567230225
482,482,-1.577527403831482,-0.16322541236877441
483,483,-1.5999095439910889,-0.2017291784286499
484,484,-1.5026121139526367,-0.31643080711364746
485,485,-1.6266453266143799,-0.2434300184249878
486,486,-1.4202839136123657,-0.3695693016052246
487,487,-1.4860297441482544,-0.26416146755218506
488,488,-1.3392808437347412,-0.3349708318710327
489,489,-1.1658868789672852,-0.444477915763855
490,490,-1.1903389692306519,-0.23188817501068115
491,491,-1.0074230432510376,-0.41784417629241943
492,492,-1.1521631479263306,-0.49369966983795166
493,493,-1.1900949478149414,-0.5155606269836426
494,494,-1.0700215101242065,-0.4166780710220337
495,495,-1.2159088850021362,0.08933067321777344
496,496,-1.2448328733444214,-0.31307220458984375
497,497,-1.111677646636963,0.156929612159729
498,498,-1.1149698495864868,-0.21102690696716309
499,499,-1.3134334087371826,-0.2676117420196533
500,500,-1.1642205715179443,-0.2758733034133911
501,501,-1.4663101434707642,-0.3701273202896118
502,502,-1.2269076108932495,-0.04091942310333252
503,503,-1.3174811601638794,0.18419289588928223
504,504,-1.0358026027679443,-0.23588871955871582
505,505,-0.9474141597747803,-0.1528489589691162
506,506,-0.9014409184455872,-0.22295796871185303
507,507,-0.9957882761955261,-0.6933180689811707
508,508,-0.938862681388855,-0.48548638820648193
509,509,-0.7144998908042908,-0.4186350703239441
510,510,-0.7497091293334961,-0.218886137008667
511,511,-0.8884098529815674,-0.1983354091644287
512,512,-0.7279301285743713,-0.5269100666046143
513,513,-0.8414669036865234,0.1758660078048706
514,514,-0.8272555470466614,-0.14464783668518066
515,515,-0.9580649137496948,0.17661893367767334
516,516,-1.0916000604629517,0.14548099040985107
517,517,-1.3020389080047607,-0.055620551109313965
518,518,-1.2806977033615112,0.3442070484161377
519,519,-1.43123459815979,0.28171539306640625
520,520,-1.6319829225540161,0.4157102108001709
521,521,-1.4921327829360962,0.10860824584960938
522,522,-1.5087708234786987,0.08395695686340332
523,523,-1.4604862928390503,0.372255802154541
524,524,-1.5481905937194824,-0.03612935543060303
525,525,-1.5039753913879395,-0.2355186939239502
526,526,-1.430298089981079,0.13678085803985596
527,527,-1.5660316944122314,-0.4242229461669922
528,528,-1.3310760259628296,-0.44476377964019775
529,529,-1.178439736366272,-0.5052542686462402
530,530,-1.3228225708007812,-0.5589715242385864
531,531,-0.9505583047866821,-0.08182501792907715
532,532,-0.9501745104789734,-0.7566126585006714
533,533,-1.2294667959213257,-0.16762864589691162
534,534,-1.358461618423462,-0.69062340259552
535,535,-1.3471382856369019,-0.07381582260131836
536,536,-1.4740122556686401,-0.11561667919158936
537,537,-1.5357210636138916,0.36569905281066895
538,538,-1.8287259340286255,0.34412920475006104
539,539,-2.0355958938598633,0.043257951736450195
540,540,-1.9298747777938843,0.7410639524459839
541,541,-2.108172655105591,0.0464479923248291
542,542,-2.0173513889312744,0.45361483097076416
543,543,-2.2474188804626465,0.1250324249267578
544,544,-2.34960675239563,-0.03676295280456543
545,545,-2.0936901569366455,0.18262600898742676
546,546,-2.1327931880950928,0.04138898849487305
547,547,-1.9235289096832275,0.002006053924560547
548,548,-2.026198625564575,0.13412976264953613
549,549,-1.7903615236282349,-0.267805814743042
550,550,-1.80506432056427,-0.08560466766357422
551,551,-1.7984044551849365,-0.328835129737854
552,552,-1.5352827310562134,-0.6129409074783325
553,553,-1.8781983852386475,-0.21789169311523438
554,554,-1.85167396068573,0.11537110805511475
555,555,-1.8084522485733032,-0.16244399547576904
556,556,-1.661729097366333,0.003072023391723633
557,557,-1.6679705381393433,0.08339262008666992
558,558,-1.7819615602493286,-0.3402988910675049
559,559,-1.5830185413360596,0.03305947780609131
560,560,-1.5644196271896362,-0.05915653705596924
561,561,-1.7490535974502563,-0.04556083679199219
562,562,-1.7686933279037476,0.12375283241271973
563,563,-1.9083318710327148,0.23357951641082764
564,564,-1.755839467048645,0.05959892272949219
565,565,-1.8294943571090698,0.12891316413879395
566,566,-1.7357523441314697,0.019815921783447266
567,567,-1.9441813230514526,-0.07396054267883301
568,568,-1.9106742143630981,-0.09168267250061035
569,569,-1.9928226470947266,-0.049633145332336426
570,570,-1.8273365497589111,0.32720983028411865
571,571,-1.9635200500488281,0.18987631797790527
572,572,-2.068922519683838,0.2948547601699829
573,573,-1.9738327264785767,0.16052401065826416
574,574,-1.8716974258422852,0.4379695653915405
575,575,-1.9810471534729004,0.3500608205795288
576,576,-2.053154468536377,-0.059017181396484375
577,577,-1.969238519668579,-0.12790024280548096
578,578,-1.559206247329712,0.03884708881378174
579,579,-1.8134106397628784,0.061624765396118164
580,580,-1.5832810401916504,0.139748215675354
581,581,-1.2852118015289307,0.03980088233947754
582,582,-1.5230205059051514,-0.04277336597442627
583,583,-1.3125345706939697,0.1779085397720337
584,584,-1.9691120386123657,0.5024956464767456
585,585,-1.556140661239624,-0.025375962257385254
586,586,-1.9969834089279175,0.5603264570236206
587,587,-1.7261329889297485,0.1790064573287964
588,588,-1.8669464588165283,0.40368103981018066
589,589,-2.139810800552368,0.13721179962158203
590,590,-1.7396645545959473,0.34142863750457764
591,591,-1.900856852531433,0.2724252939224243
592,592,-1.8868486881256104,0.3278076648712158
593,593,-1.8890767097473145,0.36381077766418457
594,594,-1.8232223987579346,0.15932607650756836
595,595,-1.5376148223876953,-0.11669135093688965
596,596,-1.7471437454223633,-0.1477147340774536
597,597,-1.6391831636428833,-0.15411710739135742
598,598,-1.816118597984314,-0.08052754402160645
599,599,-1.5945982933044434,-0.010950684547424316
600,600,-1.9282571077346802,0.06938838958740234
601,601,-1.7670495510101318,-0.26806342601776123
602,602,-1.759519100189209,-0.15043902397155762
603,603,-1.7497297525405884,0.2793785333633423
604,604,-1.7550277709960938,-0.30526208877563477
605,605,-1.959209680557251,-0.17981767654418945
606,606,-1.857505440711975,0.055573225021362305
607,607,-1.938865065574646,0.09382259845733643
608,608,-2.119628667831421,-0.1392505168914795
609,609,-2.1019909381866455,0.18797564506530762
610,610,-2.31391978263855,0.1699603796005249
611,611,-2.1614317893981934,0.23027825355529785
612,612,-2.2158684730529785,0.34607434272766113
613,613,-2.248473882675171,0.20750141143798828
614,614,-2.360316038131714,0.7137889862060547
615,615,-2.499441623687744,0.0870046615600586
616,616,-2.6547083854675293,0.4070897102355957
617,617,-2.6750972270965576,0.270599365234375
618,618,-2.5337438583374023,0.4140481948852539
619,619,-2.3691370487213135,0.23150181770324707
620,620,-2.4941675662994385,0.28257083892822266
621,621,-2.518657922744751,-0.3350803852081299
622,622,-2.317784070968628,-0.1069643497467041
623,623,-2.3216633796691895,-0.05571913719177246
624,624,-2.30820631980896,-0.11660051345825195
625,625,-2.1690406799316406,-0.16263628005981445
626,626,-2.250567674636841,-0.19308710098266602
627,627,-2.1288392543792725,-0.10925889015197754
628,628,-2.3801703453063965,0.14627933502197266
629,629,-2.4720239639282227,0.18662238121032715
630,630,-2.570746660232544,-0.14128661155700684
631,631,-2.5744354724884033,0.2154998779296875
632,632,-2.6402313709259033,0.34362244606018066
633,633,-2.7910420894622803,0.1640613079071045
634,634,-2.7622623443603516,0.2906057834625244
635,635,-2.6617157459259033,0.0964508056640625
636,636,-3.0410702228546143,0.0037384033203125
637,637,-3.2067744731903076,0.37732601165771484
638,638,-2.628892421722412,0.18416142463684082
639,639,-2.6835744380950928,0.2274799346923828
640,640,-2.4353859424591064,-0.05372786521911621
641,641,-2.635455369949341,-0.11185717582702637
642,642,-2.6328611373901367,0.12025117874145508
643,643,-2.483491897583008,0.2524900436401367
644,644,-2.3091070652008057,0.24426817893981934
645,645,-1.972558856010437,-0.123443603515625
646,646,-2.0962777137756348,-0.37417101860046387
647,647,-2.007540464401245,-0.35312485694885254
648,648,-2.1849496364593506,-0.2801806926727295
649,649,-2.1582086086273193,-0.4707798957824707
650,650,-2.0559134483337402,-0.05651712417602539
651,651,-2.0970449447631836,-0.18756508827209473
652,652,-2.1733415126800537,-0.24121737480163574
653,653,-1.981693148612976,-0.4051949977874756
654,654,-2.193333625793457,0.09078240394592285
655,655,-2.3589935302734375,0.39201903343200684
656,656,-2.4513206481933594,-0.039290428161621094
657,657,-2.4372971057891846,0.7405695915222168
658,658,-2.37176775932312,0.023245573043823242
659,659,-2.338193655014038,0.34972214698791504
660,660,-2.463134288787842,0.3822062015533447
661,661,-2.723365545272827,0.42364048957824707
662,662,-2.5049757957458496,0.5559446811676025
663,663,-2.506103992462158,0.1068873405456543
664,664,-2.5360260009765625,0.1408698558807373
665,665,-2.4986984729766846,0.10449838638305664
666,666,-2.4792065620422363,-0.06466865539550781
667,667,-2.1924068927764893,0.04332399368286133
668,668,-2.319481611251831,0.025356531143188477
669,669,-2.236841917037964,0.04019808769226074
670,670,-2.4098703861236572,0.15862131118774414
671,671,-2.5211939811706543,-0.27520108222961426
672,672,-2.522644519805908,0.15350604057312012
673,673,-2.6184277534484863,-0.3278636932373047
674,674,-2.5188095569610596,-0.13194894790649414
675,675,-2.6781630516052246,-0.11703896522521973
676,676,-2.74519419670105,-0.27346372604370117
677,677,-2.4259355068206787,-0.23702430725097656
678,678,-2.601102113723755,-0.15223240852355957
679,679,-2.61716365814209,0.0490107536315918
680,680,-2.432191848754883,-0.161790132522583
681,681,-2.1747725009918213,0.05685997009277344
682,682,-2.4153008460998535,0.01564764976501465
683,683,-2.424445867538452,-0.19542837142944336
684,684,-2.027949810028076,0.30621957778930664
685,685,-2.6901566982269287,-0.08208584785461426
686,686,-2.3441171646118164,-0.005167722702026367
687,687,-2.525172233581543,0.1014094352722168
688,688,-2.65305757522583,-0.08044624328613281
689,689,-2.7736055850982666,-0.25811266899108887
690,690,-2.3416337966918945,-0.004518270492553711
691,691,-2.5663349628448486,0.10148501396179199
692,692,-2.542393684387207,0.04118752479553223
693,693,-2.6762406826019287,0.2347116470336914
694,694,-2.3024792671203613,0.3924272060394287
695,695,-2.5205888748168945,0.21099519729614258
696,696,-2.6140544414520264,0.10991740226745605
697,697,-2.881444215774536,0.25689148902893066
698,698,-2.833622932434082,0.5327942371368408
699,699,-2.7973790168762207,0.5496625900268555
700,700,-2.8229687213897705,0.12128663063049316
701,701,-2.642648935317993,0.04935884475708008
702,702,-2.5074172019958496,0.06249594688415527
703,703,-2.7370569705963135,0.2287759780883789
704,704,-2.464179039001465,-0.30132603645324707
705,705,-2.455947160720825,-0.42358851432800293
706,706,-2.381775379180908,0.2558255195617676
707,707,-2.4731736183166504,0.043768882751464844
708,708,-2.520622491836548,-0.15375733375549316
709,709,-2.400221109390259,0.18353700637817383
710,710,-2.2211220264434814,-0.2579784393310547
711,711,-2.210035562515259,0.03705573081970215
712,712,-2.220567464828491,-0.013551473617553711
713,713,-2.258652448654175,0.02248215675354004
714,714,-2.043691635131836,-0.1541743278503418
715,715,-2.0424892902374268,-0.15356183052062988
716,716,-2.0497841835021973,0.14721250534057617
717,717,-2.258962869644165,0.16538691520690918
718,718,-2.145469903945923,0.07365846633911133
719,719,-2.337109327316284,0.23710966110229492
720,720,-2.1814489364624023,0.11127448081970215
721,721,-2.2769036293029785,0.387298583984375
722,722,-2.2867684364318848,0.4318516254425049
723,723,-2.2334682941436768,0.02717733383178711
724,724,-2.084402084350586,0.2716038227081299
725,725,-2.2537484169006348,0.0369572639465332
726,726,-2.1705739498138428,-0.02113795280456543
727,727,-2.2386956214904785,0.4286966323852539
728,728,-2.3596246242523193,-0.12793540954589844
729,729,-2.182640314102173,0.036876678466796875
730,730,-2.3470163345336914,0.2629678249359131
731,731,-2.124433755874634,-0.31946516036987305
732,732,-1.9456219673156738,-0.3204609155654907
733,733,-2.2545974254608154,0.192413330078125
734,734,-1.973874807357788,-0.2555701732635498
735,735,-2.0009305477142334,0.08025908470153809
736,736,-2.2318191528320312,-0.05352973937988281
737,737,-2.0927140712738037,-0.10897994041442871
738,738,-2.0249850749969482,0.23309731483459473
739,739,-2.0778708457946777,-0.13496756553649902
740,740,-2.2770638465881348,0.1672656536102295
741,741,-2.261307716369629,0.467451810836792
742,742,-2.5417134761810303,-0.1134035587310791
743,743,-2.4863250255584717,0.020627975463867188
744,744,-2.2834534645080566,0.0025794506072998047
745,745,-2.22727108001709,0.671567440032959
746,746,-2.219686985015869,0.17865252494812012
747,747,-2.417647123336792,-0.21068024635314941
748,748,-2.4026095867156982,0.23966002464294434
749,749,-2.219557762145996,0.014473676681518555
750,750,-2.3739614486694336,0.20987367630004883
751,751,-2.347891092300415,-0.012635469436645508
752,752,-2.3108041286468506,-0.07520604133605957
753,753,-2.632960081100464,0.14059162139892578
754,754,-2.527982234954834,-0.5780448913574219
755,755,-2.683143377304077,0.10221338272094727
756,756,-2.6316897869110107,0.06737756729125977
757,757,-2.5602002143859863,-0.04865908622741699
758,758,-2.2691822052001953,0.24848484992980957
759,759,-2.489326000213623,-0.0175173282623291
760,760,-2.3440678119659424,0.0561673641204834
761,761,-2.432887315750122,-0.2205979824066162
762,762,-2.010629653930664,-0.41974735260009766
763,763,-2.358536720275879,-0.35890960693359375
764,764,-1.966955304145813,-0.02551579475402832
765,765,-2.0555148124694824,-0.3515658378601074
766,766,-1.9670145511627197,-0.09923863410949707
767,767,-2.4063587188720703,-0.37070322036743164
768,768,-2.0224504470825195,0.17296433448791504
769,769,-1.959671139717102,0.22740912437438965
770,770,-2.2428395748138428,-0.036443471908569336
771,771,-2.0552749633789062,-0.04170727729797363
772,772,-2.141303300857544,-0.12943220138549805
773,773,-2.1550045013427734,-0.17296218872070312
774,774,-2.0857326984405518,0.22328972816467285
775,775,-2.3531136512756348,-0.15479421615600586
776,776,-2.0658881664276123,0.07511520385742188
777,777,-1.905563473701477,-0.1394362449645996
778,778,-2.1035990715026855,-0.14445734024047852
779,779,-1.9522613286972046,0.13829851150512695
780,780,-1.8059836626052856,0.24640107154846191
781,781,-1.9217135906219482,-0.18047642707824707
782,782,-1.7362910509109497,0.07123303413391113
783,783,-1.7337225675582886,0.28402018547058105
784,784,-1.7267601490020752,0.30828630924224854
785,785,-1.7761480808258057,0.31146085262298584
786,786,-1.5542957782745361,0.32776618003845215
787,787,-1.3314096927642822,-0.06844818592071533
788,788,-1.49994957447052,0.1874682903289795
789,789,-1.8602222204208374,-0.13970446586608887
790,790,-1.8482065200805664,-0.06998229026794434
791,791,-1.6886448860168457,0.155534029006958
792,792,-1.781391978263855,-0.19156646728515625
793,793,-1.7071417570114136,0.11885380744934082
794,794,-1.9491785764694214,0.17611277103424072
795,795,-2.1843512058258057,0.04546689987182617
796,796,-1.9736748933792114,-0.0344843864440918
797,797,-1.8497637510299683,0.08103728294372559
798,798,-1.8547059297561646,0.45852410793304443
799,799,-1.8175499439239502,0.11777746677398682
800,800,-1.937902569770813,-0.05093097686767578
801,801,-1.7235379219055176,0.24457204341888428
802,802,-2.0400490760803223,-0.08264613151550293
803,803,-1.851820945739746,-0.09198307991027832
804,804,-1.8396412134170532,-0.06433224678039551
805,805,-1.9810051918029785,0.0965731143951416
806,806,-2.102537155151367,-0.5230362415313721
807,807,-1.8783531188964844,-0.41741466522216797
808,808,-1.8989969491958618,-0.218214750289917
809,809,-1.8287380933761597,0.2970600128173828
810,810,-2.162278413772583,-0.12366056442260742
811,811,-2.028862237930298,0.04762625694274902
812,812,-1.8950622081756592,-0.14444375038146973
813,813,-1.645164966583252,0.0909416675567627
814,814,-1.8673073053359985,0.045488834381103516
815,815,-1.9635224342346191,-0.11984586715698242
816,816,-1.377466082572937,0.10654091835021973
817,817,-1.7325044870376587,-0.2293926477432251
818,818,-1.5951879024505615,0.09065771102905273
819,819,-1.5301119089126587,-0.26555442810058594
820,820,-1.5543721914291382,-0.1722785234451294
821,821,-1.6688374280929565,-0.13894963264465332
822,822,-1.8941400051116943,-0.011725187301635742
823,823,-1.9676445722579956,0.40675318241119385
824,824,-1.9768539667129517,-0.017722606658935547
825,825,-2.307363271713257,0.27304255962371826
826,826,-1.850106120109558,0.4319363832473755
827,827,-2.276475667953491,0.24632954597473145
828,828,-2.0338613986968994,-0.1390089988708496
829,829,-2.3788018226623535,-0.025960683822631836
830,830,-2.049286127090454,0.21639752388000488
831,831,-1.9730879068374634,0.22713887691497803
832,832,-2.1045737266540527,0.06371808052062988
833,833,-2.6430654525756836,-0.33717846870422363
834,834,-1.9178489446640015,-0.08597373962402344
835,835,-2.417551040649414,-0.0006353855133056641
836,836,-2.148513078689575,0.15911102294921875
837,837,-2.274954080581665,0.35581159591674805
838,838,-2.146760940551758,-0.07924723625183105
839,839,-2.217803955078125,-0.3029818534851074
840,840,-2.180877923965454,-0.33905816078186035
841,841,-2.632836103439331,-0.07860803604125977
842,842,-2.251765012741089,-0.2518148422241211
843,843,-2.516385316848755,-0.35941171646118164
844,844,-2.4199604988098145,0.011701345443725586
845,845,-2.5970773696899414,0.026450634002685547
846,846,-2.501189947128296,-0.2770256996154785
847,847,-1.9597562551498413,0.11487865447998047
848,848,-2.2076101303100586,0.1148369312286377
849,849,-2.316190004348755,0.11194896697998047
850,850,-2.2837536334991455,0.3725299835205078
851,851,-2.158615827560425,-0.3312671184539795
852,852,-1.948040246963501,0.193634033203125
853,853,-2.0040998458862305,-0.18399810791015625
854,854,-2.182142972946167,0.17957758903503418
855,855,-2.163224935531616,0.31053197383880615
856,856,-1.9157609939575195,-0.0732262134552002
857,857,-2.332343816757202,0.15611529350280762
858,858,-2.2990260124206543,-0.10641813278198242
859,859,-2.107574224472046,0.40276265144348145
860,860,-2.384758472442627,0.09449410438537598
861,861,-2.221104621887207,0.25127148628234863
862,862,-2.2706923484802246,0.10486078262329102
863,863,-2.271836519241333,0.04285264015197754
864,864,-1.9077658653259277,0.3412517309188843
865,865,-1.9845525026321411,0.15318536758422852
866,866,-1.9242801666259766,0.21523237228393555
867,867,-1.848818302154541,0.01667320728302002
868,868,-1.7841588258743286,-0.20814859867095947
869,869,-1.8466458320617676,0.06244957447052002
870,870,-1.6492104530334473,-0.17510223388671875
871,871,-1.8275043964385986,0.16363286972045898
872,872,-1.7334750890731812,0.15128111839294434
873,873,-1.8278603553771973,-0.18917334079742432
874,874,-1.6547694206237793,0.15127694606781006
875,875,-1.6357861757278442,0.12155425548553467
876,876,-1.5336207151412964,-0.0006200075149536133
877,877,-1.629915714263916,0.1239849328994751
878,878,-1.5576034784317017,-0.16638100147247314
879,879,-1.6095035076141357,-0.09903466701507568
880,880,-1.4660769701004028,-0.12211811542510986
881,881,-1.291311502456665,-0.44058144092559814
882,882,-1.5950385332107544,-0.413332462310791
883,883,-1.4801242351531982,-0.29763102531433105
884,884,-1.2145873308181763,-0.16091692447662354
885,885,-1.437247395515442,-0.4075702428817749
886,886,-1.5792450904846191,-0.33124256134033203
887,887,-1.435084581375122,-0.40407323837280273
888,888,-1.6457229852676392,-0.09024548530578613
889,889,-1.700251579284668,0.06655001640319824
890,890,-1.7360107898712158,0.07789981365203857
891,891,-1.7965747117996216,0.555239200592041
892,892,-1.8592798709869385,0.3203328847885132
893,893,-1.9540692567825317,-0.09074509143829346
894,894,-2.2776427268981934,0.26113080978393555
895,895,-2.63038969039917,0.30899572372436523
896,896,-2.3314146995544434,0.20363497734069824
897,897,-2.756265878677368,0.4116017818450928
898,898,-2.0961296558380127,0.18596148490905762
899,899,-2.4058985710144043,0.15877437591552734
900,900,-2.7256197929382324,0.30655789375305176
901,901,-2.498896360397339,-0.010124921798706055
902,902,-2.75734281539917,-0.27904319763183594
903,903,-2.465021848678589,-0.02793574333190918
904,904,-2.4714386463165283,-0.1356039047241211
905,905,-2.401442766189575,-0.2085883617401123
906,906,-2.2391960620880127,-0.3826863765716553
907,907,-2.149921417236328,-0.5601437091827393
908,908,-2.459380865097046,-0.3297269344329834
909,909,-2.3376381397247314,-0.06796765327453613
910,910,-2.0175862312316895,0.007026195526123047
911,911,-2.3292791843414307,-0.36289525032043457
912,912,-2.1169357299804688,-0.11037278175354004
913,913,-2.5025267601013184,-0.06339788436889648
914,914,-2.348315477371216,-0.02855849266052246
915,915,-2.501877546310425,0.19356727600097656
916,916,-2.3710570335388184,0.008373260498046875
917,917,-2.6870739459991455,0.19288039207458496
918,918,-2.6338062286376953,0.2699718475341797
919,919,-2.4876465797424316,0.12709975242614746
920,920,-2.3697001934051514,0.27242255210876465
921,921,-2.7033004760742188,0.03545880317687988
922,922,-2.541396379470825,0.05779099464416504
923,923,-2.328052282333374,0.013642311096191406
924,924,-2.142428159713745,0.4919266700744629
925,925,-2.1673502922058105,0.02559828758239746
926,926,-2.21390438079834,-0.34020519256591797
927,927,-2.2123336791992188,0.5306105613708496
928,928,-2.1838269233703613,-0.04091644287109375
929,929,-1.9949967861175537,0.21327996253967285
930,930,-2.1006784439086914,-0.2926511764526367
931,931,-2.1967434883117676,0.02818584442138672
932,932,-2.0337271690368652,0.31020450592041016
933,933,-2.1400444507598877,-0.34534525871276855
934,934,-2.126802444458008,0.08762145042419434
935,935,-2.127230644226074,-0.42462754249572754
936,936,-2.2986669540405273,0.30981874465942383
937,937,-2.088949203491211,0.16015052795410156
938,938,-2.486478805541992,0.26307153701782227
939,939,-2.3517277240753174,0.1658153533935547
940,940,-2.463439464569092,0.16687822341918945
941,941,-2.1575539112091064,0.581817626953125
942,942,-2.659857988357544,-0.009481430053710938
943,943,-2.377032995223999,0.04260420799255371
944,944,-2.6801297664642334,0.009508371353149414
945,945,-2.419773578643799,-0.0755312442779541
946,946,-2.4455535411834717,-0.1813642978668213
947,947,-2.21496844291687,0.007834911346435547
948,948,-2.4827139377593994,-0.25828051567077637
949,949,-2.803868293762207,-0.05966782569885254
950,950,-2.6353018283843994,0.16550326347351074
951,951,-2.6336984634399414,0.0041046142578125
952,952,-2.515951633453369,-0.1651899814605713
953,953,-2.7919232845306396,-0.07909536361694336
954,954,-2.615142345428467,0.0847175121307373
955,955,-2.9897186756134033,-0.23210573196411133
956,956,-2.8912577629089355,0.20001649856567383
957,957,-2.7238757610321045,0.17763185501098633
958,958,-2.8696320056915283,0.050546884536743164
959,959,-3.0070319175720215,-0.15905523300170898
960,960,-2.779232978820801,0.12909984588623047
961,961,-2.9409425258636475,0.14630818367004395
962,962,-2.9377944469451904,0.17490887641906738
963,963,-2.94665265083313,-0.1743180751800537
964,964,-3.251591205596924,0.2865283489227295
965,965,-2.859452486038208,0.04462027549743652
966,966,-2.744269371032715,0.15951061248779297
967,967,-2.827928066253662,0.3221168518066406
968,968,-2.8162693977355957,0.24600768089294434
969,969,-2.934361696243286,-0.04323410987854004
970,970,-2.689673900604248,-0.07817459106445312
971,971,-2.7414209842681885,-0.07077693939208984
972,972,-2.525989532470703,-0.06458878517150879
973,973,-2.736943483352661,-0.06602811813354492
974,974,-2.350267171859741,-0.29025816917419434
975,975,-2.9559435844421387,-0.016440391540527344
976,976,-2.2908833026885986,0.04228019714355469
977,977,-2.5631210803985596,0.040331363677978516
978,978,-2.3756818771362305,-0.05928850173950195
979,979,-2.273632526397705,-0.3760185241699219
980,980,-2.2784292697906494,-0.37142181396484375
981,981,-2.392425775527954,-0.2113184928894043
982,982,-2.403524398803711,-0.22854280471801758
983,983,-2.494149923324585,-0.2743825912475586
984,984,-2.6571545600891113,-0.48869776725769043
985,985,-2.327483892440796,-0.663496732711792
986,986,-2.5158166885375977,-0.03891944885253906
987,987,-2.0816800594329834,-0.3112621307373047
988,988,-2.2525789737701416,-0.38675975799560547
989,989,-2.171335220336914,-0.37952494621276855
990,990,-2.3734283447265625,0.11437129974365234
991,991,-2.2958014011383057,0.1278238296508789
992,992,-2.3093113899230957,0.522841215133667
993,993,-2.6030688285827637,0.5527200698852539
994,994,-2.3546907901763916,0.24738430976867676
995,995,-2.483569622039795,0.45458340644836426
996,996,-2.638319730758667,0.2312922477722168
997,997,-2.720005512237549,0.0938117504119873
998,998,-2.9837496280670166,0.26807713508605957
999,999,-2.837340831756592,0.06117677688598633
