,Epoch,Batch,Loss
0,0,0,151.4176025390625
1,0,1,140.7814178466797
2,1,0,132.72271728515625
3,1,1,124.41813659667969
4,2,0,122.51551055908203
5,2,1,107.35035705566406
6,3,0,113.54602813720703
7,3,1,115.22661590576172
8,4,0,109.8281478881836
9,4,1,91.66837310791016
10,5,0,102.17133331298828
11,5,1,92.2569808959961
12,6,0,96.27799224853516
13,6,1,99.48989868164062
14,7,0,91.67141723632812
15,7,1,89.69891357421875
16,8,0,87.88145446777344
17,8,1,83.20797729492188
18,9,0,83.84783935546875
19,9,1,79.41941833496094
20,10,0,79.8400650024414
21,10,1,78.91639709472656
22,11,0,76.24401092529297
23,11,1,73.10015106201172
24,12,0,72.42713165283203
25,12,1,70.17009735107422
26,13,0,68.0916519165039
27,13,1,70.75813293457031
28,14,0,64.49142456054688
29,14,1,62.0318717956543
30,15,0,59.70387268066406
31,15,1,62.36943435668945
32,16,0,55.90857696533203
33,16,1,53.9702262878418
34,17,0,51.9797248840332
35,17,1,53.25645065307617
36,18,0,47.574607849121094
37,18,1,45.93760299682617
38,19,0,43.65158462524414
39,19,1,39.70176696777344
40,20,0,40.869544982910156
41,20,1,32.665069580078125
42,21,0,35.85247802734375
43,21,1,36.07719421386719
44,22,0,33.737003326416016
45,22,1,34.21938705444336
46,23,0,30.43873405456543
47,23,1,37.05086898803711
48,24,0,29.813657760620117
49,24,1,26.636837005615234
50,25,0,26.434894561767578
51,25,1,22.136018753051758
52,26,0,23.637348175048828
53,26,1,27.309572219848633
54,27,0,21.281417846679688
55,27,1,22.52294921875
56,28,0,19.722999572753906
57,28,1,17.227188110351562
58,29,0,18.768945693969727
59,29,1,10.12234115600586
60,30,0,16.6280517578125
61,30,1,17.032615661621094
62,31,0,14.763145446777344
63,31,1,10.206539154052734
64,32,0,14.348958969116211
65,32,1,10.321471214294434
66,33,0,12.85511589050293
67,33,1,13.301149368286133
68,34,0,9.820530891418457
69,34,1,18.452152252197266
70,35,0,11.281280517578125
71,35,1,7.9525604248046875
72,36,0,10.463040351867676
73,36,1,3.97836971282959
74,37,0,9.99525260925293
75,37,1,4.172176361083984
76,38,0,8.265531539916992
77,38,1,10.637802124023438
78,39,0,7.370844841003418
79,39,1,8.412508010864258
80,40,0,6.115606307983398
81,40,1,8.97048282623291
82,41,0,6.584630966186523
83,41,1,3.959080457687378
84,42,0,5.579259395599365
85,42,1,4.234987258911133
86,43,0,4.850664138793945
87,43,1,10.217988014221191
88,44,0,5.499851226806641
89,44,1,-1.5628819465637207
90,45,0,4.368840217590332
91,45,1,7.348763465881348
92,46,0,4.769608497619629
93,46,1,-2.540015697479248
94,47,0,3.6358747482299805
95,47,1,3.6707465648651123
96,48,0,3.363060474395752
97,48,1,2.135833501815796
98,49,0,3.2227373123168945
99,49,1,2.059548854827881
100,50,0,2.5707292556762695
101,50,1,3.2186620235443115
102,51,0,2.3858628273010254
103,51,1,6.931352615356445
104,52,0,2.806368112564087
105,52,1,-0.20379209518432617
106,53,0,2.5210039615631104
107,53,1,-1.6384687423706055
108,54,0,1.4293549060821533
109,54,1,-0.909632682800293
110,55,0,1.3295772075653076
111,55,1,2.8052778244018555
112,56,0,0.7761831283569336
113,56,1,2.493680477142334
114,57,0,1.717778205871582
115,57,1,-4.214084625244141
116,58,0,0.8323884010314941
117,58,1,-2.4841814041137695
118,59,0,-0.08239078521728516
119,59,1,-2.4536943435668945
120,60,0,-0.23244619369506836
121,60,1,0.6349282264709473
122,61,0,-0.5198802947998047
123,61,1,1.9005367755889893
124,62,0,0.6358094215393066
125,62,1,-9.607331275939941
126,63,0,-0.9143786430358887
127,63,1,-1.938410758972168
128,64,0,-0.2924938201904297
129,64,1,-3.457756519317627
130,65,0,-0.7176551818847656
131,65,1,-6.521594524383545
132,66,0,-1.4565954208374023
133,66,1,0.2684307098388672
134,67,0,-1.9447145462036133
135,67,1,0.8551025390625
136,68,0,-1.1421637535095215
137,68,1,-6.969465255737305
138,69,0,-1.4182682037353516
139,69,1,-7.380597114562988
140,70,0,-3.084362030029297
141,70,1,1.2549357414245605
142,71,0,-1.452868938446045
143,71,1,-4.643974304199219
144,72,0,-2.7788476943969727
145,72,1,-1.14113187789917
146,73,0,-2.3646388053894043
147,73,1,-7.378322124481201
148,74,0,-2.263896942138672
149,74,1,-6.551044464111328
150,75,0,-3.31150484085083
151,75,1,-2.6101527214050293
152,76,0,-3.9534687995910645
153,76,1,2.0022287368774414
154,77,0,-2.318516254425049
155,77,1,-10.990796089172363
156,78,0,-3.527355670928955
157,78,1,-5.559523105621338
158,79,0,-3.65543270111084
159,79,1,-3.0725631713867188
160,80,0,-3.0154285430908203
161,80,1,-10.182167053222656
162,81,0,-3.5207810401916504
163,81,1,-6.3192949295043945
164,82,0,-4.223264694213867
165,82,1,-2.233015537261963
166,83,0,-4.249737739562988
167,83,1,-5.888913631439209
168,84,0,-3.6779603958129883
169,84,1,-6.103724002838135
170,85,0,-3.8938822746276855
171,85,1,-10.375959396362305
172,86,0,-4.062567710876465
173,86,1,-7.272615909576416
174,87,0,-4.852239608764648
175,87,1,-8.186298370361328
176,88,0,-4.840101718902588
177,88,1,-5.387146949768066
178,89,0,-4.897170066833496
179,89,1,-7.421386241912842
180,90,0,-5.582456588745117
181,90,1,-4.389113426208496
182,91,0,-5.7394185066223145
183,91,1,-5.75088357925415
184,92,0,-5.436367511749268
185,92,1,-8.091176986694336
186,93,0,-6.119196891784668
187,93,1,-2.1362552642822266
188,94,0,-6.083597183227539
189,94,1,-5.012817859649658
190,95,0,-5.316407680511475
191,95,1,-8.18537712097168
192,96,0,-6.103346347808838
193,96,1,-6.815436363220215
194,97,0,-6.059834003448486
195,97,1,-5.519603729248047
196,98,0,-6.657050609588623
197,98,1,-6.0593037605285645
198,99,0,-6.4692535400390625
199,99,1,-5.572896480560303
200,100,0,-7.072248935699463
201,100,1,-7.913071632385254
202,101,0,-7.028035640716553
203,101,1,-5.195077896118164
204,102,0,-7.118127346038818
205,102,1,-9.528560638427734
206,103,0,-7.753853797912598
207,103,1,-4.021350383758545
208,104,0,-7.588690757751465
209,104,1,-8.508173942565918
210,105,0,-6.109857082366943
211,105,1,-15.162420272827148
212,106,0,-7.374532222747803
213,106,1,-11.664045333862305
214,107,0,-7.603566646575928
215,107,1,-7.741459846496582
216,108,0,-7.235627174377441
217,108,1,-10.247322082519531
218,109,0,-7.450937747955322
219,109,1,-8.771644592285156
220,110,0,-8.042964935302734
221,110,1,-5.28988790512085
222,111,0,-7.869815349578857
223,111,1,-5.179620265960693
224,112,0,-8.846662521362305
225,112,1,-6.104833602905273
226,113,0,-8.022859573364258
227,113,1,-9.162384033203125
228,114,0,-8.099187850952148
229,114,1,-10.183671951293945
230,115,0,-9.327714920043945
231,115,1,-4.678508758544922
232,116,0,-8.395328521728516
233,116,1,-10.1206693649292
234,117,0,-8.98845100402832
235,117,1,-5.724304676055908
236,118,0,-8.167938232421875
237,118,1,-16.760974884033203
238,119,0,-8.458364486694336
239,119,1,-7.098402500152588
240,120,0,-8.552605628967285
241,120,1,-9.258753776550293
242,121,0,-8.068231582641602
243,121,1,-11.272510528564453
244,122,0,-9.411901473999023
245,122,1,-4.174622535705566
246,123,0,-8.885964393615723
247,123,1,-10.845211029052734
248,124,0,-8.756263732910156
249,124,1,-11.241195678710938
250,125,0,-8.992019653320312
251,125,1,-4.305914402008057
252,126,0,-9.301830291748047
253,126,1,-9.974126815795898
254,127,0,-8.881082534790039
255,127,1,-9.214138984680176
256,128,0,-9.554461479187012
257,128,1,-11.11209774017334
258,129,0,-9.503384590148926
259,129,1,-7.673916339874268
260,130,0,-9.163670539855957
261,130,1,-9.925043106079102
262,131,0,-9.098764419555664
263,131,1,-11.953034400939941
264,132,0,-9.580440521240234
265,132,1,-9.36029052734375
266,133,0,-10.053801536560059
267,133,1,-8.177127838134766
268,134,0,-10.074531555175781
269,134,1,-6.272013187408447
270,135,0,-10.186609268188477
271,135,1,-8.023388862609863
272,136,0,-10.297821998596191
273,136,1,-7.004362106323242
274,137,0,-9.702251434326172
275,137,1,-12.662429809570312
276,138,0,-10.0372953414917
277,138,1,-8.241830825805664
278,139,0,-9.780920028686523
279,139,1,-11.32899284362793
280,140,0,-10.519867897033691
281,140,1,-7.758922100067139
282,141,0,-9.92593765258789
283,141,1,-10.589996337890625
284,142,0,-9.611440658569336
285,142,1,-11.03843879699707
286,143,0,-10.728992462158203
287,143,1,-10.808247566223145
288,144,0,-9.983915328979492
289,144,1,-7.8020782470703125
290,145,0,-9.915630340576172
291,145,1,-12.219108581542969
292,146,0,-9.031893730163574
293,146,1,-15.053503036499023
294,147,0,-10.591773986816406
295,147,1,-8.807011604309082
296,148,0,-11.225746154785156
297,148,1,-7.359603404998779
298,149,0,-9.90490436553955
299,149,1,-13.052191734313965
300,150,0,-11.55592155456543
301,150,1,-6.307239055633545
302,151,0,-9.888572692871094
303,151,1,-12.434835433959961
304,152,0,-11.689558029174805
305,152,1,-7.102534770965576
306,153,0,-10.860448837280273
307,153,1,-12.065330505371094
308,154,0,-10.61136245727539
309,154,1,-9.003173828125
310,155,0,-11.545162200927734
311,155,1,-7.954559326171875
312,156,0,-10.948728561401367
313,156,1,-9.296395301818848
314,157,0,-10.964300155639648
315,157,1,-10.294389724731445
316,158,0,-11.195014953613281
317,158,1,-10.590385437011719
318,159,0,-11.37232780456543
319,159,1,-11.495174407958984
320,160,0,-10.906079292297363
321,160,1,-12.98572826385498
322,161,0,-11.32281494140625
323,161,1,-9.049995422363281
324,162,0,-10.469698905944824
325,162,1,-14.600767135620117
326,163,0,-11.029935836791992
327,163,1,-15.671731948852539
328,164,0,-11.898717880249023
329,164,1,-7.540841102600098
330,165,0,-11.099915504455566
331,165,1,-11.546375274658203
332,166,0,-11.837631225585938
333,166,1,-10.55677318572998
334,167,0,-11.873040199279785
335,167,1,-13.220870971679688
336,168,0,-12.320337295532227
337,168,1,-5.411430835723877
338,169,0,-11.451504707336426
339,169,1,-10.938003540039062
340,170,0,-12.475324630737305
341,170,1,-12.47323226928711
342,171,0,-12.43294906616211
343,171,1,-11.12806224822998
344,172,0,-10.90676498413086
345,172,1,-13.727149963378906
346,173,0,-11.418302536010742
347,173,1,-12.81648063659668
348,174,0,-12.588720321655273
349,174,1,-11.135990142822266
350,175,0,-12.306856155395508
351,175,1,-7.1743645668029785
352,176,0,-12.515636444091797
353,176,1,-8.778637886047363
354,177,0,-11.900617599487305
355,177,1,-12.87225341796875
356,178,0,-11.773130416870117
357,178,1,-10.946372032165527
358,179,0,-12.828067779541016
359,179,1,-11.695919036865234
360,180,0,-12.074047088623047
361,180,1,-17.527854919433594
362,181,0,-11.145341873168945
363,181,1,-16.518789291381836
364,182,0,-12.892194747924805
365,182,1,-11.953681945800781
366,183,0,-12.332918167114258
367,183,1,-11.070913314819336
368,184,0,-12.134224891662598
369,184,1,-11.753801345825195
370,185,0,-13.28756332397461
371,185,1,-12.01125717163086
372,186,0,-12.584973335266113
373,186,1,-12.0496244430542
374,187,0,-13.05811595916748
375,187,1,-9.862468719482422
376,188,0,-13.10053825378418
377,188,1,-9.975358963012695
378,189,0,-12.833948135375977
379,189,1,-10.620542526245117
380,190,0,-13.438491821289062
381,190,1,-6.601293087005615
382,191,0,-12.431387901306152
383,191,1,-14.277421951293945
384,192,0,-12.430038452148438
385,192,1,-16.824588775634766
386,193,0,-12.666401863098145
387,193,1,-15.225715637207031
388,194,0,-13.444103240966797
389,194,1,-13.396187782287598
390,195,0,-12.345162391662598
391,195,1,-14.93380355834961
392,196,0,-12.824941635131836
393,196,1,-15.285758972167969
394,197,0,-12.245078086853027
395,197,1,-12.296102523803711
396,198,0,-14.130590438842773
397,198,1,-10.700397491455078
398,199,0,-12.604219436645508
399,199,1,-16.849666595458984
400,200,0,-12.612378120422363
401,200,1,-15.036535263061523
402,201,0,-13.963399887084961
403,201,1,-7.014531135559082
404,202,0,-13.285821914672852
405,202,1,-11.091755867004395
406,203,0,-13.384664535522461
407,203,1,-10.973867416381836
408,204,0,-13.831905364990234
409,204,1,-12.807852745056152
410,205,0,-12.77151870727539
411,205,1,-15.864588737487793
412,206,0,-13.209345817565918
413,206,1,-12.673394203186035
414,207,0,-12.955621719360352
415,207,1,-14.417957305908203
416,208,0,-13.619792938232422
417,208,1,-13.822587966918945
418,209,0,-12.874009132385254
419,209,1,-17.552644729614258
420,210,0,-13.762392044067383
421,210,1,-11.651111602783203
422,211,0,-13.363607406616211
423,211,1,-17.373855590820312
424,212,0,-14.000821113586426
425,212,1,-12.90014362335205
426,213,0,-14.059694290161133
427,213,1,-13.745635986328125
428,214,0,-13.87034797668457
429,214,1,-11.098918914794922
430,215,0,-14.479621887207031
431,215,1,-10.721763610839844
432,216,0,-13.707474708557129
433,216,1,-13.640969276428223
434,217,0,-14.42874526977539
435,217,1,-11.23965835571289
436,218,0,-14.286651611328125
437,218,1,-14.636346817016602
438,219,0,-14.190461158752441
439,219,1,-9.811906814575195
440,220,0,-14.26082706451416
441,220,1,-12.976792335510254
442,221,0,-13.480417251586914
443,221,1,-15.443517684936523
444,222,0,-14.322453498840332
445,222,1,-12.512322425842285
446,223,0,-14.011492729187012
447,223,1,-14.443685531616211
448,224,0,-13.685028076171875
449,224,1,-19.267887115478516
450,225,0,-14.31259536743164
451,225,1,-14.929889678955078
452,226,0,-14.924965858459473
453,226,1,-11.393707275390625
454,227,0,-13.910307884216309
455,227,1,-17.37299919128418
456,228,0,-14.335521697998047
457,228,1,-13.146600723266602
458,229,0,-13.624908447265625
459,229,1,-20.08026885986328
460,230,0,-15.104948997497559
461,230,1,-9.764860153198242
462,231,0,-14.871891021728516
463,231,1,-12.76266098022461
464,232,0,-14.257997512817383
465,232,1,-17.052387237548828
466,233,0,-15.119564056396484
467,233,1,-13.441762924194336
468,234,0,-15.91215705871582
469,234,1,-8.952959060668945
470,235,0,-14.583972930908203
471,235,1,-15.992718696594238
472,236,0,-14.555624961853027
473,236,1,-19.20391082763672
474,237,0,-15.4383544921875
475,237,1,-15.063998222351074
476,238,0,-14.942739486694336
477,238,1,-13.987558364868164
478,239,0,-15.052006721496582
479,239,1,-14.597054481506348
480,240,0,-15.33948802947998
481,240,1,-13.30001163482666
482,241,0,-14.929943084716797
483,241,1,-19.408994674682617
484,242,0,-15.364487648010254
485,242,1,-16.145029067993164
486,243,0,-14.952219009399414
487,243,1,-17.06068992614746
488,244,0,-15.06443977355957
489,244,1,-15.034505844116211
490,245,0,-16.162647247314453
491,245,1,-14.177702903747559
492,246,0,-14.918886184692383
493,246,1,-18.18157958984375
494,247,0,-15.865694999694824
495,247,1,-14.363781929016113
496,248,0,-15.215989112854004
497,248,1,-18.817489624023438
498,249,0,-15.61325454711914
499,249,1,-14.276297569274902
500,250,0,-16.406387329101562
501,250,1,-10.809045791625977
502,251,0,-16.503684997558594
503,251,1,-9.449668884277344
504,252,0,-15.798999786376953
505,252,1,-16.63566780090332
506,253,0,-15.878201484680176
507,253,1,-16.864849090576172
508,254,0,-15.665700912475586
509,254,1,-16.84971809387207
510,255,0,-15.999649047851562
511,255,1,-12.85662841796875
512,256,0,-15.996821403503418
513,256,1,-13.488611221313477
514,257,0,-15.277556419372559
515,257,1,-17.364181518554688
516,258,0,-15.392559051513672
517,258,1,-19.074134826660156
518,259,0,-16.32241439819336
519,259,1,-13.903558731079102
520,260,0,-16.702709197998047
521,260,1,-10.78713607788086
522,261,0,-15.896034240722656
523,261,1,-18.297122955322266
524,262,0,-16.016895294189453
525,262,1,-13.765944480895996
526,263,0,-16.150371551513672
527,263,1,-16.560253143310547
528,264,0,-16.37746238708496
529,264,1,-13.329150199890137
530,265,0,-15.939129829406738
531,265,1,-16.45699691772461
532,266,0,-16.07710075378418
533,266,1,-18.468379974365234
534,267,0,-15.861209869384766
535,267,1,-17.966947555541992
536,268,0,-16.76309585571289
537,268,1,-16.896316528320312
538,269,0,-15.732134819030762
539,269,1,-17.172531127929688
540,270,0,-16.959270477294922
541,270,1,-16.426105499267578
542,271,0,-16.686767578125
543,271,1,-15.584983825683594
544,272,0,-16.00718879699707
545,272,1,-19.17374610900879
546,273,0,-16.87612533569336
547,273,1,-15.777196884155273
548,274,0,-16.82659149169922
549,274,1,-15.831395149230957
550,275,0,-16.303783416748047
551,275,1,-18.513751983642578
552,276,0,-16.295917510986328
553,276,1,-20.093185424804688
554,277,0,-17.121145248413086
555,277,1,-14.736015319824219
556,278,0,-16.391441345214844
557,278,1,-14.073948860168457
558,279,0,-16.88475799560547
559,279,1,-15.45479679107666
560,280,0,-16.962387084960938
561,280,1,-19.429325103759766
562,281,0,-16.801193237304688
563,281,1,-15.49396800994873
564,282,0,-16.633922576904297
565,282,1,-19.483173370361328
566,283,0,-16.31614875793457
567,283,1,-20.793121337890625
568,284,0,-17.92022705078125
569,284,1,-15.849431991577148
570,285,0,-17.27487564086914
571,285,1,-16.00252914428711
572,286,0,-17.5093994140625
573,286,1,-16.812297821044922
574,287,0,-17.598491668701172
575,287,1,-15.11350154876709
576,288,0,-16.695777893066406
577,288,1,-18.600868225097656
578,289,0,-16.799091339111328
579,289,1,-19.28805923461914
580,290,0,-17.739604949951172
581,290,1,-15.984776496887207
582,291,0,-16.890649795532227
583,291,1,-19.197498321533203
584,292,0,-17.841899871826172
585,292,1,-16.6599178314209
586,293,0,-18.4626407623291
587,293,1,-11.557901382446289
588,294,0,-17.536514282226562
589,294,1,-15.840303421020508
590,295,0,-17.205413818359375
591,295,1,-17.1009521484375
592,296,0,-17.519824981689453
593,296,1,-16.525354385375977
594,297,0,-17.84112548828125
595,297,1,-20.930299758911133
596,298,0,-16.943195343017578
597,298,1,-19.343196868896484
598,299,0,-17.886444091796875
599,299,1,-18.024555206298828
600,300,0,-17.609050750732422
601,300,1,-19.153301239013672
602,301,0,-18.00347137451172
603,301,1,-18.954439163208008
604,302,0,-17.821636199951172
605,302,1,-18.239749908447266
606,303,0,-18.242599487304688
607,303,1,-15.688209533691406
608,304,0,-17.538681030273438
609,304,1,-18.84735107421875
610,305,0,-17.735595703125
611,305,1,-16.67403793334961
612,306,0,-18.52574920654297
613,306,1,-14.932638168334961
614,307,0,-17.904233932495117
615,307,1,-13.745771408081055
616,308,0,-17.852989196777344
617,308,1,-17.132457733154297
618,309,0,-18.096574783325195
619,309,1,-18.131757736206055
620,310,0,-16.87598419189453
621,310,1,-20.833097457885742
622,311,0,-17.858518600463867
623,311,1,-19.493194580078125
624,312,0,-18.374109268188477
625,312,1,-14.005026817321777
626,313,0,-18.06332778930664
627,313,1,-20.38229751586914
628,314,0,-18.88570785522461
629,314,1,-15.148164749145508
630,315,0,-18.00920867919922
631,315,1,-20.633075714111328
632,316,0,-18.217430114746094
633,316,1,-20.114303588867188
634,317,0,-18.230504989624023
635,317,1,-15.88519287109375
636,318,0,-18.490182876586914
637,318,1,-19.075511932373047
638,319,0,-18.546428680419922
639,319,1,-17.906429290771484
640,320,0,-18.030174255371094
641,320,1,-21.820968627929688
642,321,0,-18.283193588256836
643,321,1,-19.740459442138672
644,322,0,-18.932653427124023
645,322,1,-18.386085510253906
646,323,0,-19.048622131347656
647,323,1,-17.028793334960938
648,324,0,-18.61728858947754
649,324,1,-19.486305236816406
650,325,0,-19.26801109313965
651,325,1,-16.566516876220703
652,326,0,-18.310169219970703
653,326,1,-20.70916748046875
654,327,0,-18.387924194335938
655,327,1,-18.319564819335938
656,328,0,-19.641014099121094
657,328,1,-14.461852073669434
658,329,0,-19.06069564819336
659,329,1,-17.19983673095703
660,330,0,-19.247827529907227
661,330,1,-16.372982025146484
662,331,0,-19.45077896118164
663,331,1,-12.770660400390625
664,332,0,-18.396644592285156
665,332,1,-21.18240737915039
666,333,0,-18.853408813476562
667,333,1,-19.525859832763672
668,334,0,-19.321109771728516
669,334,1,-16.071937561035156
670,335,0,-19.105100631713867
671,335,1,-18.343164443969727
672,336,0,-19.500911712646484
673,336,1,-16.645713806152344
674,337,0,-19.41837501525879
675,337,1,-19.996261596679688
676,338,0,-19.82257652282715
677,338,1,-14.679972648620605
678,339,0,-20.374134063720703
679,339,1,-13.517036437988281
680,340,0,-18.982025146484375
681,340,1,-17.25725555419922
682,341,0,-18.741405487060547
683,341,1,-20.39459991455078
684,342,0,-19.649391174316406
685,342,1,-14.768054008483887
686,343,0,-19.013336181640625
687,343,1,-21.08775520324707
688,344,0,-18.96877670288086
689,344,1,-20.649892807006836
690,345,0,-19.638141632080078
691,345,1,-17.85717010498047
692,346,0,-19.06998062133789
693,346,1,-19.91435432434082
694,347,0,-19.938608169555664
695,347,1,-15.554576873779297
696,348,0,-19.5194034576416
697,348,1,-17.84813690185547
698,349,0,-19.53052520751953
699,349,1,-20.132843017578125
700,350,0,-19.764713287353516
701,350,1,-18.055194854736328
702,351,0,-20.065597534179688
703,351,1,-17.27625846862793
704,352,0,-20.07968521118164
705,352,1,-16.78264045715332
706,353,0,-19.34735107421875
707,353,1,-22.49950408935547
708,354,0,-18.88131332397461
709,354,1,-24.183853149414062
710,355,0,-19.320514678955078
711,355,1,-16.93106460571289
712,356,0,-20.105195999145508
713,356,1,-21.56768226623535
714,357,0,-20.381685256958008
715,357,1,-17.18496322631836
716,358,0,-19.88868522644043
717,358,1,-18.820226669311523
718,359,0,-19.124576568603516
719,359,1,-24.098237991333008
720,360,0,-19.374202728271484
721,360,1,-23.13199234008789
722,361,0,-19.986812591552734
723,361,1,-17.116718292236328
724,362,0,-20.10877799987793
725,362,1,-18.434982299804688
726,363,0,-19.758575439453125
727,363,1,-21.95094871520996
728,364,0,-20.19947052001953
729,364,1,-19.927921295166016
730,365,0,-20.239704132080078
731,365,1,-24.121334075927734
732,366,0,-20.601444244384766
733,366,1,-18.510337829589844
734,367,0,-21.126848220825195
735,367,1,-14.772415161132812
736,368,0,-19.733858108520508
737,368,1,-22.25579071044922
738,369,0,-20.564468383789062
739,369,1,-17.9874267578125
740,370,0,-20.03982162475586
741,370,1,-21.558502197265625
742,371,0,-20.25228500366211
743,371,1,-20.06716537475586
744,372,0,-20.273027420043945
745,372,1,-21.68606185913086
746,373,0,-20.345182418823242
747,373,1,-19.334884643554688
748,374,0,-21.06418800354004
749,374,1,-17.39818572998047
750,375,0,-20.230789184570312
751,375,1,-21.160308837890625
752,376,0,-20.458511352539062
753,376,1,-22.35304832458496
754,377,0,-20.227970123291016
755,377,1,-23.466400146484375
756,378,0,-21.743099212646484
757,378,1,-15.540010452270508
758,379,0,-20.245609283447266
759,379,1,-20.04153823852539
760,380,0,-20.247587203979492
761,380,1,-21.934608459472656
762,381,0,-20.852310180664062
763,381,1,-19.721717834472656
764,382,0,-20.478736877441406
765,382,1,-22.50487518310547
766,383,0,-21.75525665283203
767,383,1,-22.05782127380371
768,384,0,-20.945894241333008
769,384,1,-20.484556198120117
770,385,0,-20.69654083251953
771,385,1,-21.414339065551758
772,386,0,-20.89203643798828
773,386,1,-19.021381378173828
774,387,0,-20.74817657470703
775,387,1,-22.89693260192871
776,388,0,-21.919296264648438
777,388,1,-16.093210220336914
778,389,0,-20.753040313720703
779,389,1,-23.322513580322266
780,390,0,-20.99195098876953
781,390,1,-21.4849910736084
782,391,0,-20.53148651123047
783,391,1,-26.486909866333008
784,392,0,-20.70142364501953
785,392,1,-25.897708892822266
786,393,0,-20.36697006225586
787,393,1,-28.708812713623047
788,394,0,-22.14238739013672
789,394,1,-16.733722686767578
790,395,0,-21.7595157623291
791,395,1,-21.759235382080078
792,396,0,-21.35407257080078
793,396,1,-23.597755432128906
794,397,0,-21.657989501953125
795,397,1,-20.53630828857422
796,398,0,-21.39643669128418
797,398,1,-22.866188049316406
798,399,0,-21.39723777770996
799,399,1,-23.141433715820312
800,400,0,-21.172042846679688
801,400,1,-22.42083740234375
802,401,0,-21.23745346069336
803,401,1,-22.28421401977539
804,402,0,-21.674633026123047
805,402,1,-22.995296478271484
806,403,0,-22.525413513183594
807,403,1,-18.06714630126953
808,404,0,-22.056734085083008
809,404,1,-22.286865234375
810,405,0,-22.06279182434082
811,405,1,-22.981853485107422
812,406,0,-21.429443359375
813,406,1,-23.70214080810547
814,407,0,-21.723228454589844
815,407,1,-21.81865882873535
816,408,0,-22.229766845703125
817,408,1,-21.242462158203125
818,409,0,-21.916091918945312
819,409,1,-19.91576385498047
820,410,0,-21.630250930786133
821,410,1,-22.232975006103516
822,411,0,-21.88907241821289
823,411,1,-26.07489776611328
824,412,0,-21.276926040649414
825,412,1,-26.381351470947266
826,413,0,-22.52706527709961
827,413,1,-19.74814796447754
828,414,0,-22.432392120361328
829,414,1,-21.3331298828125
830,415,0,-22.695632934570312
831,415,1,-24.93128204345703
832,416,0,-21.740020751953125
833,416,1,-24.612449645996094
834,417,0,-22.02935791015625
835,417,1,-22.33475685119629
836,418,0,-22.433496475219727
837,418,1,-21.515153884887695
838,419,0,-21.927108764648438
839,419,1,-26.104198455810547
840,420,0,-22.613075256347656
841,420,1,-21.9195556640625
842,421,0,-22.774799346923828
843,421,1,-21.385204315185547
844,422,0,-23.000545501708984
845,422,1,-18.833248138427734
846,423,0,-22.400184631347656
847,423,1,-23.526376724243164
848,424,0,-22.54916763305664
849,424,1,-21.848384857177734
850,425,0,-22.306163787841797
851,425,1,-25.593414306640625
852,426,0,-22.767566680908203
853,426,1,-20.16485595703125
854,427,0,-22.645477294921875
855,427,1,-21.103683471679688
856,428,0,-22.25316619873047
857,428,1,-22.729965209960938
858,429,0,-22.64398193359375
859,429,1,-21.610240936279297
860,430,0,-22.71661376953125
861,430,1,-24.89019203186035
862,431,0,-22.764148712158203
863,431,1,-22.161346435546875
864,432,0,-21.94386863708496
865,432,1,-24.350818634033203
866,433,0,-23.654571533203125
867,433,1,-16.5589599609375
868,434,0,-22.951984405517578
869,434,1,-19.89600372314453
870,435,0,-23.3574161529541
871,435,1,-19.644489288330078
872,436,0,-22.885276794433594
873,436,1,-21.855716705322266
874,437,0,-22.569183349609375
875,437,1,-25.357467651367188
876,438,0,-22.695362091064453
877,438,1,-24.255157470703125
878,439,0,-22.839340209960938
879,439,1,-24.060644149780273
880,440,0,-22.99441909790039
881,440,1,-22.196231842041016
882,441,0,-23.02005958557129
883,441,1,-24.01675796508789
884,442,0,-22.72165298461914
885,442,1,-27.404170989990234
886,443,0,-22.85797119140625
887,443,1,-25.666048049926758
888,444,0,-23.808631896972656
889,444,1,-18.71504020690918
890,445,0,-22.979209899902344
891,445,1,-26.97088623046875
892,446,0,-23.663047790527344
893,446,1,-21.476490020751953
894,447,0,-23.645980834960938
895,447,1,-21.283798217773438
896,448,0,-23.21356964111328
897,448,1,-26.73263168334961
898,449,0,-23.366321563720703
899,449,1,-24.188949584960938
900,450,0,-23.069866180419922
901,450,1,-25.863162994384766
902,451,0,-23.247859954833984
903,451,1,-26.292734146118164
904,452,0,-23.41461181640625
905,452,1,-26.046619415283203
906,453,0,-23.006105422973633
907,453,1,-27.810039520263672
908,454,0,-23.60318374633789
909,454,1,-25.250553131103516
910,455,0,-24.353740692138672
911,455,1,-17.411970138549805
912,456,0,-23.02975845336914
913,456,1,-26.205646514892578
914,457,0,-24.280960083007812
915,457,1,-19.22238540649414
916,458,0,-23.26213836669922
917,458,1,-25.127384185791016
918,459,0,-23.180477142333984
919,459,1,-26.03458023071289
920,460,0,-23.819419860839844
921,460,1,-24.556781768798828
922,461,0,-24.235164642333984
923,461,1,-22.561988830566406
924,462,0,-23.843708038330078
925,462,1,-24.194364547729492
926,463,0,-23.804248809814453
927,463,1,-27.001361846923828
928,464,0,-24.586532592773438
929,464,1,-21.789688110351562
930,465,0,-23.984678268432617
931,465,1,-25.71573257446289
932,466,0,-23.689802169799805
933,466,1,-25.414260864257812
934,467,0,-24.161123275756836
935,467,1,-23.72614860534668
936,468,0,-24.502384185791016
937,468,1,-24.903728485107422
938,469,0,-23.917102813720703
939,469,1,-27.779220581054688
940,470,0,-23.9227294921875
941,470,1,-25.989139556884766
942,471,0,-24.800025939941406
943,471,1,-19.85289764404297
944,472,0,-24.406442642211914
945,472,1,-21.002098083496094
946,473,0,-24.06869888305664
947,473,1,-21.567869186401367
948,474,0,-24.119831085205078
949,474,1,-22.774627685546875
950,475,0,-24.500152587890625
951,475,1,-22.021907806396484
952,476,0,-23.8082275390625
953,476,1,-25.931522369384766
954,477,0,-23.64256477355957
955,477,1,-25.922666549682617
956,478,0,-24.62765121459961
957,478,1,-22.072921752929688
958,479,0,-24.220829010009766
959,479,1,-24.994720458984375
960,480,0,-24.024330139160156
961,480,1,-27.24764633178711
962,481,0,-24.48780059814453
963,481,1,-24.598838806152344
964,482,0,-24.953039169311523
965,482,1,-22.978256225585938
966,483,0,-24.505022048950195
967,483,1,-25.608755111694336
968,484,0,-24.297958374023438
969,484,1,-28.256183624267578
970,485,0,-23.99891471862793
971,485,1,-29.631507873535156
972,486,0,-24.196781158447266
973,486,1,-28.531620025634766
974,487,0,-25.70423126220703
975,487,1,-22.72167205810547
976,488,0,-24.204587936401367
977,488,1,-29.200443267822266
978,489,0,-25.190059661865234
979,489,1,-26.58690643310547
980,490,0,-24.80560302734375
981,490,1,-28.083221435546875
982,491,0,-25.117862701416016
983,491,1,-26.465118408203125
984,492,0,-25.02346420288086
985,492,1,-25.234085083007812
986,493,0,-25.618824005126953
987,493,1,-24.80945587158203
988,494,0,-24.860673904418945
989,494,1,-25.75732421875
990,495,0,-25.76512908935547
991,495,1,-23.247730255126953
992,496,0,-25.408958435058594
993,496,1,-25.229310989379883
994,497,0,-24.597476959228516
995,497,1,-27.58389663696289
996,498,0,-25.201810836791992
997,498,1,-24.204187393188477
998,499,0,-24.924793243408203
999,499,1,-26.802295684814453
1000,500,0,-25.5455265045166
1001,500,1,-26.815723419189453
1002,501,0,-24.766525268554688
1003,501,1,-30.324007034301758
1004,502,0,-25.51947021484375
1005,502,1,-25.20281410217285
1006,503,0,-26.029651641845703
1007,503,1,-23.869260787963867
1008,504,0,-25.255718231201172
1009,504,1,-24.943035125732422
1010,505,0,-25.478107452392578
1011,505,1,-22.845083236694336
1012,506,0,-26.204618453979492
1013,506,1,-24.178070068359375
1014,507,0,-24.790668487548828
1015,507,1,-30.245826721191406
1016,508,0,-25.25674819946289
1017,508,1,-27.31562614440918
1018,509,0,-25.15134048461914
1019,509,1,-23.469524383544922
1020,510,0,-26.340789794921875
1021,510,1,-21.554567337036133
1022,511,0,-25.949932098388672
1023,511,1,-24.401260375976562
1024,512,0,-25.81147575378418
1025,512,1,-24.478809356689453
1026,513,0,-25.614944458007812
1027,513,1,-30.2896728515625
1028,514,0,-26.128894805908203
1029,514,1,-26.48732566833496
1030,515,0,-26.848369598388672
1031,515,1,-22.339916229248047
1032,516,0,-25.66344451904297
1033,516,1,-27.064838409423828
1034,517,0,-26.060951232910156
1035,517,1,-26.514667510986328
1036,518,0,-25.549579620361328
1037,518,1,-27.30672836303711
1038,519,0,-26.106216430664062
1039,519,1,-27.852031707763672
1040,520,0,-25.701427459716797
1041,520,1,-28.698394775390625
1042,521,0,-25.841697692871094
1043,521,1,-27.56658935546875
1044,522,0,-26.061744689941406
1045,522,1,-28.189807891845703
1046,523,0,-26.44965171813965
1047,523,1,-25.757455825805664
1048,524,0,-26.509124755859375
1049,524,1,-23.495929718017578
1050,525,0,-26.438785552978516
1051,525,1,-25.19684600830078
1052,526,0,-26.833816528320312
1053,526,1,-24.312175750732422
1054,527,0,-27.161611557006836
1055,527,1,-24.73242950439453
1056,528,0,-26.992280960083008
1057,528,1,-23.890960693359375
1058,529,0,-26.05440902709961
1059,529,1,-29.15522003173828
1060,530,0,-26.19768524169922
1061,530,1,-27.665807723999023
1062,531,0,-27.05869483947754
1063,531,1,-23.668628692626953
1064,532,0,-26.482471466064453
1065,532,1,-27.055557250976562
1066,533,0,-27.145587921142578
1067,533,1,-23.095260620117188
1068,534,0,-26.95077133178711
1069,534,1,-24.283935546875
1070,535,0,-26.970510482788086
1071,535,1,-24.769683837890625
1072,536,0,-26.33731460571289
1073,536,1,-26.24352264404297
1074,537,0,-26.1697940826416
1075,537,1,-31.4918212890625
1076,538,0,-26.916357040405273
1077,538,1,-27.262603759765625
1078,539,0,-26.39303970336914
1079,539,1,-27.28959846496582
1080,540,0,-26.473308563232422
1081,540,1,-29.54696273803711
1082,541,0,-27.415306091308594
1083,541,1,-25.370624542236328
1084,542,0,-27.407506942749023
1085,542,1,-25.958045959472656
1086,543,0,-27.097118377685547
1087,543,1,-25.769214630126953
1088,544,0,-27.21896743774414
1089,544,1,-27.386898040771484
1090,545,0,-27.34658432006836
1091,545,1,-26.471393585205078
1092,546,0,-27.581050872802734
1093,546,1,-26.44153594970703
1094,547,0,-26.33596420288086
1095,547,1,-29.071874618530273
1096,548,0,-27.610023498535156
1097,548,1,-24.027437210083008
1098,549,0,-27.315074920654297
1099,549,1,-26.435771942138672
1100,550,0,-28.02355194091797
1101,550,1,-24.312332153320312
1102,551,0,-27.403879165649414
1103,551,1,-27.643640518188477
1104,552,0,-27.33603858947754
1105,552,1,-28.568222045898438
1106,553,0,-27.131898880004883
1107,553,1,-27.999385833740234
1108,554,0,-27.648822784423828
1109,554,1,-27.104854583740234
1110,555,0,-27.71280288696289
1111,555,1,-28.450599670410156
1112,556,0,-27.877424240112305
1113,556,1,-28.034168243408203
1114,557,0,-27.435203552246094
1115,557,1,-30.97146224975586
1116,558,0,-28.640460968017578
1117,558,1,-23.11447525024414
1118,559,0,-27.978588104248047
1119,559,1,-26.772998809814453
1120,560,0,-27.62567901611328
1121,560,1,-30.956478118896484
1122,561,0,-28.00302505493164
1123,561,1,-27.196914672851562
1124,562,0,-26.979991912841797
1125,562,1,-34.50059509277344
1126,563,0,-27.840389251708984
1127,563,1,-28.86905288696289
1128,564,0,-27.845855712890625
1129,564,1,-28.577707290649414
1130,565,0,-29.0093994140625
1131,565,1,-24.016483306884766
1132,566,0,-28.28437042236328
1133,566,1,-27.66958999633789
1134,567,0,-28.024568557739258
1135,567,1,-29.83121109008789
1136,568,0,-28.81686782836914
1137,568,1,-25.006046295166016
1138,569,0,-28.496192932128906
1139,569,1,-24.59732437133789
1140,570,0,-28.41868782043457
1141,570,1,-25.68474769592285
1142,571,0,-27.930530548095703
1143,571,1,-31.841346740722656
1144,572,0,-27.89596176147461
1145,572,1,-28.878957748413086
1146,573,0,-29.051666259765625
1147,573,1,-25.844810485839844
1148,574,0,-27.612308502197266
1149,574,1,-31.762531280517578
1150,575,0,-28.050880432128906
1151,575,1,-30.332931518554688
1152,576,0,-28.20602035522461
1153,576,1,-29.557769775390625
1154,577,0,-28.22177505493164
1155,577,1,-28.695960998535156
1156,578,0,-28.532373428344727
1157,578,1,-28.57732391357422
1158,579,0,-28.547863006591797
1159,579,1,-28.278362274169922
1160,580,0,-27.91211700439453
1161,580,1,-32.414974212646484
1162,581,0,-28.938060760498047
1163,581,1,-24.959251403808594
1164,582,0,-28.740352630615234
1165,582,1,-30.331157684326172
1166,583,0,-28.6232967376709
1167,583,1,-29.631248474121094
1168,584,0,-28.530118942260742
1169,584,1,-30.482547760009766
1170,585,0,-28.553451538085938
1171,585,1,-30.294647216796875
1172,586,0,-28.944690704345703
1173,586,1,-31.222469329833984
1174,587,0,-28.94829559326172
1175,587,1,-27.89523696899414
1176,588,0,-29.797954559326172
1177,588,1,-25.66925621032715
1178,589,0,-29.46731948852539
1179,589,1,-24.77203369140625
1180,590,0,-29.22711181640625
1181,590,1,-30.38559913635254
1182,591,0,-28.958341598510742
1183,591,1,-29.044384002685547
1184,592,0,-29.135272979736328
1185,592,1,-24.966960906982422
1186,593,0,-29.267932891845703
1187,593,1,-29.306846618652344
1188,594,0,-29.01369857788086
1189,594,1,-30.67750358581543
1190,595,0,-29.110321044921875
1191,595,1,-28.643882751464844
1192,596,0,-29.314258575439453
1193,596,1,-27.025001525878906
1194,597,0,-28.936370849609375
1195,597,1,-30.257375717163086
1196,598,0,-29.015541076660156
1197,598,1,-27.41399574279785
1198,599,0,-29.565818786621094
1199,599,1,-30.968048095703125
1200,600,0,-29.207012176513672
1201,600,1,-28.465229034423828
1202,601,0,-29.267093658447266
1203,601,1,-29.418746948242188
1204,602,0,-29.881786346435547
1205,602,1,-26.197803497314453
1206,603,0,-29.893321990966797
1207,603,1,-29.736373901367188
1208,604,0,-29.55392837524414
1209,604,1,-30.668212890625
1210,605,0,-29.821453094482422
1211,605,1,-28.23284149169922
1212,606,0,-29.405376434326172
1213,606,1,-31.84337043762207
1214,607,0,-30.003074645996094
1215,607,1,-27.289737701416016
1216,608,0,-29.088150024414062
1217,608,1,-34.668663024902344
1218,609,0,-29.637004852294922
1219,609,1,-30.561782836914062
1220,610,0,-29.701740264892578
1221,610,1,-29.510557174682617
1222,611,0,-30.17989158630371
1223,611,1,-29.430919647216797
1224,612,0,-30.320178985595703
1225,612,1,-30.964000701904297
1226,613,0,-29.932498931884766
1227,613,1,-32.33368682861328
1228,614,0,-29.62517547607422
1229,614,1,-30.15715789794922
1230,615,0,-30.022754669189453
1231,615,1,-30.510892868041992
1232,616,0,-29.764312744140625
1233,616,1,-31.78144073486328
1234,617,0,-29.76824378967285
1235,617,1,-34.685489654541016
1236,618,0,-30.188282012939453
1237,618,1,-34.071922302246094
1238,619,0,-30.830215454101562
1239,619,1,-26.928394317626953
1240,620,0,-30.513351440429688
1241,620,1,-27.579315185546875
1242,621,0,-30.453693389892578
1243,621,1,-32.00956344604492
1244,622,0,-30.120925903320312
1245,622,1,-35.4403076171875
1246,623,0,-30.860742568969727
1247,623,1,-28.82822036743164
1248,624,0,-30.75857162475586
1249,624,1,-28.314037322998047
1250,625,0,-30.55816650390625
1251,625,1,-27.623153686523438
1252,626,0,-30.16229820251465
1253,626,1,-30.082107543945312
1254,627,0,-30.272899627685547
1255,627,1,-28.47531509399414
1256,628,0,-31.50142478942871
1257,628,1,-28.020795822143555
1258,629,0,-30.889095306396484
1259,629,1,-29.924457550048828
1260,630,0,-31.200693130493164
1261,630,1,-30.63172149658203
1262,631,0,-31.379241943359375
1263,631,1,-29.424665451049805
1264,632,0,-30.58193588256836
1265,632,1,-32.48912811279297
1266,633,0,-30.477657318115234
1267,633,1,-31.159591674804688
1268,634,0,-31.2810001373291
1269,634,1,-29.045719146728516
1270,635,0,-30.376949310302734
1271,635,1,-32.12898254394531
1272,636,0,-31.930713653564453
1273,636,1,-26.212703704833984
1274,637,0,-30.924964904785156
1275,637,1,-30.149139404296875
1276,638,0,-30.60674285888672
1277,638,1,-31.51302146911621
1278,639,0,-31.365747451782227
1279,639,1,-28.743213653564453
1280,640,0,-31.200172424316406
1281,640,1,-34.61836624145508
1282,641,0,-30.848491668701172
1283,641,1,-35.35931396484375
1284,642,0,-32.1380729675293
1285,642,1,-27.12060546875
1286,643,0,-31.265432357788086
1287,643,1,-29.131038665771484
1288,644,0,-31.516067504882812
1289,644,1,-34.62763214111328
1290,645,0,-31.600475311279297
1291,645,1,-30.787395477294922
1292,646,0,-32.42719268798828
1293,646,1,-28.265731811523438
1294,647,0,-31.99534797668457
1295,647,1,-30.64557647705078
1296,648,0,-32.091495513916016
1297,648,1,-30.453784942626953
1298,649,0,-31.580720901489258
1299,649,1,-33.181663513183594
1300,650,0,-32.23765563964844
1301,650,1,-31.330638885498047
1302,651,0,-31.68381118774414
1303,651,1,-33.49435043334961
1304,652,0,-32.298545837402344
1305,652,1,-28.79738998413086
1306,653,0,-31.866228103637695
1307,653,1,-33.969322204589844
1308,654,0,-32.417457580566406
1309,654,1,-31.173377990722656
1310,655,0,-32.454383850097656
1311,655,1,-31.065635681152344
1312,656,0,-32.30788040161133
1313,656,1,-31.31616973876953
1314,657,0,-32.46516418457031
1315,657,1,-31.01390838623047
1316,658,0,-31.983139038085938
1317,658,1,-33.11627197265625
1318,659,0,-32.10877990722656
1319,659,1,-32.66000747680664
1320,660,0,-32.0009880065918
1321,660,1,-32.20396423339844
1322,661,0,-32.55914306640625
1323,661,1,-32.11433029174805
1324,662,0,-32.27914810180664
1325,662,1,-32.34577178955078
1326,663,0,-32.83959197998047
1327,663,1,-29.886167526245117
1328,664,0,-32.19108963012695
1329,664,1,-33.6900634765625
1330,665,0,-32.791996002197266
1331,665,1,-34.38431167602539
1332,666,0,-33.016666412353516
1333,666,1,-30.155471801757812
1334,667,0,-33.45197677612305
1335,667,1,-31.000282287597656
1336,668,0,-33.083824157714844
1337,668,1,-32.72229766845703
1338,669,0,-32.070716857910156
1339,669,1,-33.07044219970703
1340,670,0,-32.56317138671875
1341,670,1,-31.719406127929688
1342,671,0,-32.663246154785156
1343,671,1,-35.6263427734375
1344,672,0,-32.782981872558594
1345,672,1,-36.82516098022461
1346,673,0,-32.60286331176758
1347,673,1,-33.968116760253906
1348,674,0,-32.924320220947266
1349,674,1,-34.841224670410156
1350,675,0,-33.666786193847656
1351,675,1,-28.409305572509766
1352,676,0,-33.4246826171875
1353,676,1,-30.921276092529297
1354,677,0,-32.55971145629883
1355,677,1,-32.81660461425781
1356,678,0,-32.29075622558594
1357,678,1,-36.615020751953125
1358,679,0,-32.73728942871094
1359,679,1,-36.81769943237305
1360,680,0,-32.84169006347656
1361,680,1,-35.067466735839844
1362,681,0,-33.325531005859375
1363,681,1,-35.39603042602539
1364,682,0,-34.11435317993164
1365,682,1,-31.713245391845703
1366,683,0,-33.28462600708008
1367,683,1,-35.133941650390625
1368,684,0,-33.702579498291016
1369,684,1,-29.772418975830078
1370,685,0,-33.79819869995117
1371,685,1,-30.904067993164062
1372,686,0,-33.6860466003418
1373,686,1,-34.22813415527344
1374,687,0,-33.32949447631836
1375,687,1,-35.10688781738281
1376,688,0,-33.81280517578125
1377,688,1,-31.01077651977539
1378,689,0,-34.349002838134766
1379,689,1,-32.082672119140625
1380,690,0,-34.218658447265625
1381,690,1,-29.022377014160156
1382,691,0,-33.86602020263672
1383,691,1,-33.31793212890625
1384,692,0,-34.00421142578125
1385,692,1,-29.083450317382812
1386,693,0,-34.587406158447266
1387,693,1,-33.06336975097656
1388,694,0,-33.67115020751953
1389,694,1,-36.523895263671875
1390,695,0,-34.47504425048828
1391,695,1,-33.92994689941406
1392,696,0,-34.20692443847656
1393,696,1,-33.340694427490234
1394,697,0,-33.86045837402344
1395,697,1,-37.58052062988281
1396,698,0,-33.38344955444336
1397,698,1,-39.328765869140625
1398,699,0,-34.87873077392578
1399,699,1,-31.749645233154297
1400,700,0,-34.231224060058594
1401,700,1,-32.681182861328125
1402,701,0,-34.14003372192383
1403,701,1,-33.81911087036133
1404,702,0,-34.505287170410156
1405,702,1,-33.96748352050781
1406,703,0,-33.94401550292969
1407,703,1,-36.12784194946289
1408,704,0,-35.48835372924805
1409,704,1,-30.788116455078125
1410,705,0,-34.90032958984375
1411,705,1,-34.6389045715332
1412,706,0,-34.65513229370117
1413,706,1,-34.76482009887695
1414,707,0,-35.044158935546875
1415,707,1,-32.12818908691406
1416,708,0,-33.73137664794922
1417,708,1,-41.008522033691406
1418,709,0,-35.40652847290039
1419,709,1,-34.221275329589844
1420,710,0,-34.774078369140625
1421,710,1,-37.298885345458984
1422,711,0,-34.477081298828125
1423,711,1,-34.227386474609375
1424,712,0,-35.019248962402344
1425,712,1,-33.578460693359375
1426,713,0,-35.122802734375
1427,713,1,-37.644317626953125
1428,714,0,-35.07265853881836
1429,714,1,-36.41548156738281
1430,715,0,-34.98227310180664
1431,715,1,-38.35307312011719
1432,716,0,-34.7989616394043
1433,716,1,-37.65556716918945
1434,717,0,-34.621604919433594
1435,717,1,-37.09697341918945
1436,718,0,-35.34962463378906
1437,718,1,-34.629425048828125
1438,719,0,-35.329402923583984
1439,719,1,-34.27156066894531
1440,720,0,-35.04499816894531
1441,720,1,-36.89923095703125
1442,721,0,-35.52464294433594
1443,721,1,-35.17975997924805
1444,722,0,-35.65842056274414
1445,722,1,-37.14271926879883
1446,723,0,-35.05946731567383
1447,723,1,-39.59967041015625
1448,724,0,-35.74989318847656
1449,724,1,-34.084625244140625
1450,725,0,-35.39569091796875
1451,725,1,-35.97016143798828
1452,726,0,-35.73794937133789
1453,726,1,-34.95568084716797
1454,727,0,-35.71011734008789
1455,727,1,-34.89012908935547
1456,728,0,-35.400856018066406
1457,728,1,-38.86609649658203
1458,729,0,-36.505943298339844
1459,729,1,-33.49169921875
1460,730,0,-35.990631103515625
1461,730,1,-36.1129150390625
1462,731,0,-36.246055603027344
1463,731,1,-33.977882385253906
1464,732,0,-36.23274230957031
1465,732,1,-35.89738845825195
1466,733,0,-36.87926483154297
1467,733,1,-31.118831634521484
1468,734,0,-36.15308380126953
1469,734,1,-34.644161224365234
1470,735,0,-36.51734924316406
1471,735,1,-31.74456787109375
1472,736,0,-36.6693115234375
1473,736,1,-35.9821662902832
1474,737,0,-36.32661819458008
1475,737,1,-34.69216537475586
1476,738,0,-36.54731369018555
1477,738,1,-37.04383850097656
1478,739,0,-37.3435173034668
1479,739,1,-30.912494659423828
1480,740,0,-36.28800964355469
1481,740,1,-37.95048904418945
1482,741,0,-37.347137451171875
1483,741,1,-35.35883331298828
1484,742,0,-36.11066436767578
1485,742,1,-39.84250259399414
1486,743,0,-36.639163970947266
1487,743,1,-35.350318908691406
1488,744,0,-37.30929183959961
1489,744,1,-33.283966064453125
1490,745,0,-36.92438507080078
1491,745,1,-36.164939880371094
1492,746,0,-36.46641540527344
1493,746,1,-40.58147430419922
1494,747,0,-37.35868835449219
1495,747,1,-36.975799560546875
1496,748,0,-37.057769775390625
1497,748,1,-37.90922546386719
1498,749,0,-37.30324935913086
1499,749,1,-31.27608871459961
1500,750,0,-37.13349151611328
1501,750,1,-38.35087585449219
1502,751,0,-37.484718322753906
1503,751,1,-34.54793930053711
1504,752,0,-36.92255401611328
1505,752,1,-39.90696334838867
1506,753,0,-36.944976806640625
1507,753,1,-38.5420036315918
1508,754,0,-36.46558380126953
1509,754,1,-40.694618225097656
1510,755,0,-37.24005889892578
1511,755,1,-40.360233306884766
1512,756,0,-37.43734359741211
1513,756,1,-38.624473571777344
1514,757,0,-38.41084289550781
1515,757,1,-32.3944206237793
1516,758,0,-37.672916412353516
1517,758,1,-38.30271911621094
1518,759,0,-37.39451217651367
1519,759,1,-41.063514709472656
1520,760,0,-37.09404373168945
1521,760,1,-40.538814544677734
1522,761,0,-37.645721435546875
1523,761,1,-41.16950607299805
1524,762,0,-36.99311447143555
1525,762,1,-43.48406982421875
1526,763,0,-38.665103912353516
1527,763,1,-35.33049774169922
1528,764,0,-37.71541213989258
1529,764,1,-36.14570617675781
1530,765,0,-37.36337661743164
1531,765,1,-41.08196258544922
1532,766,0,-38.07707977294922
1533,766,1,-36.853111267089844
1534,767,0,-37.688087463378906
1535,767,1,-36.741065979003906
1536,768,0,-38.27215576171875
1537,768,1,-35.50046157836914
1538,769,0,-37.8078498840332
1539,769,1,-40.828330993652344
1540,770,0,-37.82489013671875
1541,770,1,-41.4226188659668
1542,771,0,-38.776405334472656
1543,771,1,-36.46202087402344
1544,772,0,-38.26116180419922
1545,772,1,-39.14805221557617
1546,773,0,-38.536956787109375
1547,773,1,-39.278568267822266
1548,774,0,-38.41484832763672
1549,774,1,-40.754146575927734
1550,775,0,-38.067596435546875
1551,775,1,-36.25102996826172
1552,776,0,-38.83522033691406
1553,776,1,-37.8323860168457
1554,777,0,-38.970489501953125
1555,777,1,-38.555999755859375
1556,778,0,-38.540401458740234
1557,778,1,-38.17209243774414
1558,779,0,-39.26891326904297
1559,779,1,-36.31197738647461
1560,780,0,-38.79051971435547
1561,780,1,-38.21358871459961
1562,781,0,-39.17414855957031
1563,781,1,-39.414939880371094
1564,782,0,-38.264434814453125
1565,782,1,-38.9048957824707
1566,783,0,-39.024681091308594
1567,783,1,-37.61717224121094
1568,784,0,-39.39070129394531
1569,784,1,-37.07432556152344
1570,785,0,-38.921749114990234
1571,785,1,-38.270774841308594
1572,786,0,-39.08304214477539
1573,786,1,-41.032127380371094
1574,787,0,-38.971336364746094
1575,787,1,-40.095741271972656
1576,788,0,-38.79281997680664
1577,788,1,-43.99083709716797
1578,789,0,-38.59782409667969
1579,789,1,-45.31199645996094
1580,790,0,-39.793312072753906
1581,790,1,-37.78650665283203
1582,791,0,-38.9463005065918
1583,791,1,-41.14616394042969
1584,792,0,-40.02931594848633
1585,792,1,-38.140098571777344
1586,793,0,-39.1683235168457
1587,793,1,-42.38683319091797
1588,794,0,-39.95948791503906
1589,794,1,-37.783203125
1590,795,0,-39.88996505737305
1591,795,1,-41.19105529785156
1592,796,0,-39.46925354003906
1593,796,1,-40.81074523925781
1594,797,0,-39.66056823730469
1595,797,1,-40.61746597290039
1596,798,0,-39.67113494873047
1597,798,1,-40.710693359375
1598,799,0,-40.03716278076172
1599,799,1,-40.18688201904297
1600,800,0,-40.2354736328125
1601,800,1,-38.85212707519531
1602,801,0,-40.573299407958984
1603,801,1,-39.37936782836914
1604,802,0,-39.904197692871094
1605,802,1,-40.821693420410156
1606,803,0,-39.8632926940918
1607,803,1,-42.50595474243164
1608,804,0,-41.081787109375
1609,804,1,-38.82313919067383
1610,805,0,-40.691070556640625
1611,805,1,-39.283695220947266
1612,806,0,-40.73138427734375
1613,806,1,-40.24729919433594
1614,807,0,-41.103546142578125
1615,807,1,-38.44423294067383
1616,808,0,-40.35443878173828
1617,808,1,-41.67647171020508
1618,809,0,-40.55683898925781
1619,809,1,-40.585960388183594
1620,810,0,-40.879920959472656
1621,810,1,-38.01872634887695
1622,811,0,-41.191795349121094
1623,811,1,-40.49343490600586
1624,812,0,-40.781982421875
1625,812,1,-42.02475357055664
1626,813,0,-40.824462890625
1627,813,1,-42.77955627441406
1628,814,0,-41.26984405517578
1629,814,1,-40.61602020263672
1630,815,0,-41.233970642089844
1631,815,1,-39.477745056152344
1632,816,0,-41.00675582885742
1633,816,1,-43.7821044921875
1634,817,0,-41.340187072753906
1635,817,1,-40.63093948364258
1636,818,0,-41.86457824707031
1637,818,1,-40.27558135986328
1638,819,0,-41.471153259277344
1639,819,1,-40.320228576660156
1640,820,0,-41.197975158691406
1641,820,1,-43.02471160888672
1642,821,0,-41.181663513183594
1643,821,1,-44.28880310058594
1644,822,0,-40.53325653076172
1645,822,1,-45.29601287841797
1646,823,0,-41.746246337890625
1647,823,1,-40.700767517089844
1648,824,0,-41.91096496582031
1649,824,1,-39.624244689941406
1650,825,0,-41.64707565307617
1651,825,1,-40.18834686279297
1652,826,0,-42.438743591308594
1653,826,1,-38.30960464477539
1654,827,0,-41.4598388671875
1655,827,1,-41.50709533691406
1656,828,0,-41.371761322021484
1657,828,1,-44.8026008605957
1658,829,0,-41.09538269042969
1659,829,1,-42.80366516113281
1660,830,0,-41.362083435058594
1661,830,1,-42.70928192138672
1662,831,0,-42.11327362060547
1663,831,1,-44.42793655395508
1664,832,0,-42.2862663269043
1665,832,1,-40.609336853027344
1666,833,0,-42.96685791015625
1667,833,1,-43.19898223876953
1668,834,0,-42.235595703125
1669,834,1,-42.314186096191406
1670,835,0,-42.85502624511719
1671,835,1,-37.99518585205078
1672,836,0,-42.1400146484375
1673,836,1,-42.542503356933594
1674,837,0,-41.97788619995117
1675,837,1,-41.66407012939453
1676,838,0,-42.46037292480469
1677,838,1,-43.9227409362793
1678,839,0,-42.6075439453125
1679,839,1,-41.656044006347656
1680,840,0,-41.89012145996094
1681,840,1,-44.47919464111328
1682,841,0,-42.53662109375
1683,841,1,-41.983795166015625
1684,842,0,-42.404930114746094
1685,842,1,-41.895225524902344
1686,843,0,-42.97682189941406
1687,843,1,-41.835453033447266
1688,844,0,-42.04741668701172
1689,844,1,-46.45771408081055
1690,845,0,-43.108970642089844
1691,845,1,-41.867713928222656
1692,846,0,-42.387123107910156
1693,846,1,-45.38548278808594
1694,847,0,-42.71084213256836
1695,847,1,-43.87520217895508
1696,848,0,-43.01103591918945
1697,848,1,-43.12877655029297
1698,849,0,-43.60832977294922
1699,849,1,-44.53076171875
1700,850,0,-43.15782165527344
1701,850,1,-42.77257537841797
1702,851,0,-43.711769104003906
1703,851,1,-42.01286315917969
1704,852,0,-43.59307861328125
1705,852,1,-44.8243408203125
1706,853,0,-42.62202072143555
1707,853,1,-42.69624328613281
1708,854,0,-43.36798858642578
1709,854,1,-41.81114959716797
1710,855,0,-42.35779571533203
1711,855,1,-44.72850799560547
1712,856,0,-43.1990966796875
1713,856,1,-44.79655075073242
1714,857,0,-43.18914031982422
1715,857,1,-41.813655853271484
1716,858,0,-43.57168960571289
1717,858,1,-42.27652359008789
1718,859,0,-42.9251823425293
1719,859,1,-45.284202575683594
1720,860,0,-43.52667236328125
1721,860,1,-44.94050216674805
1722,861,0,-44.094398498535156
1723,861,1,-45.89006042480469
1724,862,0,-44.87232208251953
1725,862,1,-42.0726203918457
1726,863,0,-43.88521957397461
1727,863,1,-45.68222427368164
1728,864,0,-43.2529296875
1729,864,1,-46.595458984375
1730,865,0,-43.54404067993164
1731,865,1,-44.08024597167969
1732,866,0,-44.218257904052734
1733,866,1,-43.507606506347656
1734,867,0,-44.82057189941406
1735,867,1,-45.54377746582031
1736,868,0,-44.67537307739258
1737,868,1,-43.887630462646484
1738,869,0,-44.550270080566406
1739,869,1,-42.376129150390625
1740,870,0,-44.00597381591797
1741,870,1,-42.999359130859375
1742,871,0,-43.78227996826172
1743,871,1,-46.5467414855957
1744,872,0,-44.40550994873047
1745,872,1,-42.709495544433594
1746,873,0,-44.50984191894531
1747,873,1,-47.08154296875
1748,874,0,-43.737979888916016
1749,874,1,-45.761573791503906
1750,875,0,-44.13356018066406
1751,875,1,-46.80934143066406
1752,876,0,-43.991973876953125
1753,876,1,-47.18479919433594
1754,877,0,-44.50775146484375
1755,877,1,-44.69059753417969
1756,878,0,-44.42510986328125
1757,878,1,-45.49758529663086
1758,879,0,-44.34518814086914
1759,879,1,-47.215599060058594
1760,880,0,-44.6201286315918
1761,880,1,-45.660369873046875
1762,881,0,-45.59259033203125
1763,881,1,-44.20292663574219
1764,882,0,-44.412086486816406
1765,882,1,-49.713409423828125
1766,883,0,-45.14185333251953
1767,883,1,-44.426918029785156
1768,884,0,-45.542205810546875
1769,884,1,-45.16457748413086
1770,885,0,-45.865264892578125
1771,885,1,-45.10235595703125
1772,886,0,-45.6151123046875
1773,886,1,-46.501319885253906
1774,887,0,-45.82787322998047
1775,887,1,-43.43608093261719
1776,888,0,-44.66883850097656
1777,888,1,-50.104454040527344
1778,889,0,-45.603336334228516
1779,889,1,-45.951759338378906
1780,890,0,-45.277488708496094
1781,890,1,-46.4310302734375
1782,891,0,-44.559913635253906
1783,891,1,-48.24934387207031
1784,892,0,-44.62120056152344
1785,892,1,-45.716827392578125
1786,893,0,-46.27861022949219
1787,893,1,-46.54116439819336
1788,894,0,-46.329627990722656
1789,894,1,-45.678409576416016
1790,895,0,-44.97346878051758
1791,895,1,-46.98860168457031
1792,896,0,-45.98168182373047
1793,896,1,-46.83823013305664
1794,897,0,-45.75480651855469
1795,897,1,-48.440467834472656
1796,898,0,-45.916839599609375
1797,898,1,-47.66529083251953
1798,899,0,-46.73622131347656
1799,899,1,-42.435882568359375
1800,900,0,-46.3621826171875
1801,900,1,-50.576087951660156
1802,901,0,-45.793304443359375
1803,901,1,-45.92587661743164
1804,902,0,-46.33916473388672
1805,902,1,-48.697723388671875
1806,903,0,-46.08379364013672
1807,903,1,-48.47481155395508
1808,904,0,-46.77228927612305
1809,904,1,-45.9288444519043
1810,905,0,-47.52378845214844
1811,905,1,-44.91441345214844
1812,906,0,-46.446739196777344
1813,906,1,-47.911415100097656
1814,907,0,-46.807159423828125
1815,907,1,-49.30364990234375
1816,908,0,-47.241661071777344
1817,908,1,-44.16650390625
1818,909,0,-47.14553451538086
1819,909,1,-46.93733596801758
1820,910,0,-47.4936637878418
1821,910,1,-46.75079345703125
1822,911,0,-47.027809143066406
1823,911,1,-48.34669494628906
1824,912,0,-47.57652282714844
1825,912,1,-44.793636322021484
1826,913,0,-47.400360107421875
1827,913,1,-47.46745300292969
1828,914,0,-46.37810516357422
1829,914,1,-48.839256286621094
1830,915,0,-47.56096649169922
1831,915,1,-47.34661865234375
1832,916,0,-47.208824157714844
1833,916,1,-50.22432327270508
1834,917,0,-47.41138458251953
1835,917,1,-46.094139099121094
1836,918,0,-47.73345184326172
1837,918,1,-46.93431091308594
1838,919,0,-47.21622848510742
1839,919,1,-49.0116081237793
1840,920,0,-47.08018493652344
1841,920,1,-48.524261474609375
1842,921,0,-47.342098236083984
1843,921,1,-50.92186737060547
1844,922,0,-47.33088684082031
1845,922,1,-48.78773498535156
1846,923,0,-48.67061233520508
1847,923,1,-48.2750244140625
1848,924,0,-48.556907653808594
1849,924,1,-48.98748779296875
1850,925,0,-47.44809341430664
1851,925,1,-47.41128921508789
1852,926,0,-48.36845397949219
1853,926,1,-47.963348388671875
1854,927,0,-48.05522918701172
1855,927,1,-51.605201721191406
1856,928,0,-48.46937942504883
1857,928,1,-44.663917541503906
1858,929,0,-48.3082160949707
1859,929,1,-48.69375228881836
1860,930,0,-48.02985382080078
1861,930,1,-49.516944885253906
1862,931,0,-48.856842041015625
1863,931,1,-48.596275329589844
1864,932,0,-48.59574890136719
1865,932,1,-49.43741989135742
1866,933,0,-48.3957633972168
1867,933,1,-49.104774475097656
1868,934,0,-49.105201721191406
1869,934,1,-45.62672424316406
1870,935,0,-48.64735412597656
1871,935,1,-49.68983840942383
1872,936,0,-49.77088928222656
1873,936,1,-46.12406921386719
1874,937,0,-49.09278106689453
1875,937,1,-46.371192932128906
1876,938,0,-48.8950309753418
1877,938,1,-46.69252395629883
1878,939,0,-48.54631805419922
1879,939,1,-46.781654357910156
1880,940,0,-47.693382263183594
1881,940,1,-51.787349700927734
1882,941,0,-48.091007232666016
1883,941,1,-52.706180572509766
1884,942,0,-49.365692138671875
1885,942,1,-48.87504959106445
1886,943,0,-49.41741943359375
1887,943,1,-53.191715240478516
1888,944,0,-49.621299743652344
1889,944,1,-49.017906188964844
1890,945,0,-49.6597900390625
1891,945,1,-50.85321044921875
1892,946,0,-49.64579772949219
1893,946,1,-49.72946548461914
1894,947,0,-48.897377014160156
1895,947,1,-52.34556579589844
1896,948,0,-49.052101135253906
1897,948,1,-46.8796501159668
1898,949,0,-49.23641586303711
1899,949,1,-49.36332702636719
1900,950,0,-49.92089080810547
1901,950,1,-48.683631896972656
1902,951,0,-50.64600372314453
1903,951,1,-46.31391143798828
1904,952,0,-49.552398681640625
1905,952,1,-50.916534423828125
1906,953,0,-49.279720306396484
1907,953,1,-50.485652923583984
1908,954,0,-50.17234802246094
1909,954,1,-44.73790740966797
1910,955,0,-49.793373107910156
1911,955,1,-52.2576904296875
1912,956,0,-49.52967071533203
1913,956,1,-52.480838775634766
1914,957,0,-49.94099426269531
1915,957,1,-51.84795379638672
1916,958,0,-50.42339324951172
1917,958,1,-50.47453308105469
1918,959,0,-50.76883316040039
1919,959,1,-52.46507263183594
1920,960,0,-50.55589294433594
1921,960,1,-48.853965759277344
1922,961,0,-50.25333023071289
1923,961,1,-50.97577667236328
1924,962,0,-51.05017852783203
1925,962,1,-50.206520080566406
1926,963,0,-50.879058837890625
1927,963,1,-51.431488037109375
1928,964,0,-51.27690887451172
1929,964,1,-52.72736358642578
1930,965,0,-51.50286865234375
1931,965,1,-46.66184616088867
1932,966,0,-50.911834716796875
1933,966,1,-50.213584899902344
1934,967,0,-50.279884338378906
1935,967,1,-50.49457550048828
1936,968,0,-51.05116653442383
1937,968,1,-50.15276336669922
1938,969,0,-50.498779296875
1939,969,1,-53.41908264160156
1940,970,0,-51.236595153808594
1941,970,1,-53.103973388671875
1942,971,0,-51.24531555175781
1943,971,1,-48.43107604980469
1944,972,0,-52.094688415527344
1945,972,1,-45.08610534667969
1946,973,0,-51.77345275878906
1947,973,1,-51.354637145996094
1948,974,0,-51.180328369140625
1949,974,1,-52.186126708984375
1950,975,0,-52.19755554199219
1951,975,1,-49.0103759765625
1952,976,0,-51.09095764160156
1953,976,1,-51.783477783203125
1954,977,0,-51.389854431152344
1955,977,1,-50.704345703125
1956,978,0,-51.91517639160156
1957,978,1,-51.718177795410156
1958,979,0,-52.16322708129883
1959,979,1,-53.62325668334961
1960,980,0,-51.63256072998047
1961,980,1,-54.49397277832031
1962,981,0,-52.34693145751953
1963,981,1,-51.61072540283203
1964,982,0,-52.55387878417969
1965,982,1,-49.83835983276367
1966,983,0,-52.40230178833008
1967,983,1,-50.997108459472656
1968,984,0,-52.36329650878906
1969,984,1,-49.39897537231445
1970,985,0,-52.713539123535156
1971,985,1,-52.34612274169922
1972,986,0,-52.169281005859375
1973,986,1,-54.74250411987305
1974,987,0,-52.27684020996094
1975,987,1,-55.38523864746094
1976,988,0,-52.65468978881836
1977,988,1,-54.88202667236328
1978,989,0,-52.746307373046875
1979,989,1,-54.625404357910156
1980,990,0,-52.78773498535156
1981,990,1,-51.40739822387695
1982,991,0,-53.238319396972656
1983,991,1,-51.5145263671875
1984,992,0,-52.908905029296875
1985,992,1,-50.33611297607422
1986,993,0,-52.971397399902344
1987,993,1,-51.94209671020508
1988,994,0,-52.791404724121094
1989,994,1,-53.90986633300781
1990,995,0,-53.022159576416016
1991,995,1,-53.013465881347656
1992,996,0,-52.940284729003906
1993,996,1,-52.1710205078125
1994,997,0,-53.21057891845703
1995,997,1,-50.744590759277344
1996,998,0,-53.8897705078125
1997,998,1,-51.07404708862305
1998,999,0,-53.80799102783203
1999,999,1,-49.428184509277344
