Epoch,Generator Loss,Discriminator Loss
0,0.8937685489654541,0.013385221362113953
1,0.9000219106674194,-0.03028024733066559
2,0.9069651365280151,-0.07437494397163391
3,0.9096415042877197,-0.1604267805814743
4,0.9327242374420166,-0.2171284258365631
5,0.9224638938903809,-0.28901851177215576
6,0.9008064866065979,-0.3025147318840027
7,0.9045920372009277,-0.39692944288253784
8,0.8708356022834778,-0.4346238672733307
9,0.861577033996582,-0.4462077021598816
10,0.7937275767326355,-0.5699321627616882
11,0.7308475375175476,-0.6168193817138672
12,0.7005959749221802,-0.6470162868499756
13,0.6938690543174744,-0.673753559589386
14,0.5907561779022217,-0.7137597799301147
15,0.4602370858192444,-0.7882798314094543
16,0.4282360076904297,-0.7945968508720398
17,0.3957233130931854,-0.7995591163635254
18,0.3184964954853058,-0.7960245609283447
19,0.3641093075275421,-1.0016565322875977
20,0.33474093675613403,-0.9177632331848145
21,0.2975541949272156,-0.9135262966156006
22,0.29702773690223694,-0.8193250298500061
23,0.3199339509010315,-0.853929340839386
24,0.11150243878364563,-0.7497895359992981
25,0.08208340406417847,-0.5459120273590088
26,-0.033576786518096924,-0.6305617690086365
27,0.006835758686065674,-0.29872065782546997
28,-0.10957682132720947,-0.3328155279159546
29,-0.01510399580001831,-0.3129146099090576
30,-0.12255388498306274,-0.16551774740219116
31,-0.22984987497329712,-0.12922948598861694
32,-0.07520186901092529,-0.2341538667678833
33,-0.1897163987159729,-0.06859874725341797
34,-0.19647419452667236,-0.09160977602005005
35,-0.036697208881378174,-0.1064874529838562
36,0.07980865240097046,0.08122110366821289
37,0.0603773295879364,-0.09774327278137207
38,0.17684361338615417,-0.03714466094970703
39,0.1662856638431549,-0.18554043769836426
40,0.19146165251731873,-0.29464423656463623
41,0.1747989058494568,-0.1127825379371643
42,0.27763229608535767,-0.1564546525478363
43,0.4371336102485657,-0.1300845444202423
44,0.41434118151664734,-0.24716779589653015
45,0.49757421016693115,-0.2543685734272003
46,0.521742582321167,-0.3210735023021698
47,0.536011815071106,-0.2580394446849823
48,0.5614264011383057,-0.431650310754776
49,0.6237115859985352,-0.2719046473503113
50,0.6695668697357178,-0.2158200442790985
51,0.5256409049034119,-0.158713698387146
52,0.45066818594932556,-0.03774084150791168
53,0.5560734272003174,-0.09961721301078796
54,0.40145954489707947,0.0019033625721931458
55,0.4393663704395294,-0.14358285069465637
56,0.39554327726364136,-0.07039086520671844
57,0.1842353343963623,0.18409711122512817
58,0.3749069273471832,0.29273489117622375
59,0.07868754863739014,0.29046258330345154
60,0.003134489059448242,0.07086822390556335
61,-0.020172864198684692,0.15469878911972046
62,-0.1472148895263672,0.32167306542396545
63,-0.02652636170387268,0.1445831060409546
64,-0.016216576099395752,0.08299064636230469
65,-0.000995039939880371,0.1090230941772461
66,-0.09715956449508667,0.009013950824737549
67,-0.15103554725646973,-0.16918468475341797
68,0.1100769191980362,-0.11938828229904175
69,0.10443830490112305,-0.2759811282157898
70,0.07277947664260864,-0.2748797535896301
71,-0.049224019050598145,-0.3915121853351593
72,0.12494659423828125,-0.5269110202789307
73,0.010285675525665283,-0.5084760189056396
74,0.06987956166267395,-0.5225263237953186
75,-0.01743537187576294,-0.4972550868988037
76,-0.13312780857086182,-0.4518420100212097
77,-0.16666963696479797,-0.34673428535461426
78,-0.24002668261528015,-0.16492199897766113
79,-0.309842050075531,-0.3601556420326233
80,-0.5465060472488403,-0.15782928466796875
81,-0.7231672406196594,-0.13963687419891357
82,-0.9203869104385376,0.18491792678833008
83,-1.0054054260253906,0.20137155055999756
84,-1.0819364786148071,0.45471692085266113
85,-1.2506473064422607,0.27539384365081787
86,-1.4763803482055664,0.5094599723815918
87,-1.3908520936965942,0.5410493612289429
88,-1.55282461643219,0.4147930145263672
89,-1.5432088375091553,0.5765824317932129
90,-1.627373218536377,0.4918661117553711
91,-1.4767621755599976,0.4453788995742798
92,-1.547682285308838,0.46300065517425537
93,-1.3304013013839722,0.2468416690826416
94,-1.3469886779785156,0.18825745582580566
95,-1.4086387157440186,0.0864412784576416
96,-1.2819697856903076,0.2180025577545166
97,-1.2768309116363525,-0.030713796615600586
98,-1.0803924798965454,-0.176558256149292
99,-1.0884188413619995,-0.20939421653747559
100,-0.9324362277984619,-0.11752605438232422
101,-0.9974086284637451,-0.37213456630706787
102,-0.9236098527908325,-0.09414589405059814
103,-0.9744741916656494,-0.11613345146179199
104,-0.991596519947052,-0.25543534755706787
105,-0.8976821303367615,-0.1671004295349121
106,-0.9391558170318604,0.009732723236083984
107,-0.9318343997001648,-0.024647235870361328
108,-0.9166475534439087,0.04916977882385254
109,-0.9618619084358215,0.04843580722808838
110,-0.982404351234436,0.45573127269744873
111,-0.8708118200302124,0.3220165967941284
112,-0.9686670899391174,0.3636908531188965
113,-1.1464558839797974,0.2156282663345337
114,-1.164595127105713,0.3951517343521118
115,-1.1448763608932495,0.21590054035186768
116,-1.1700010299682617,0.44715261459350586
117,-1.1553875207901,0.32251477241516113
118,-0.9968642592430115,0.26387202739715576
119,-1.0745246410369873,0.08169007301330566
120,-0.9177353382110596,0.07231223583221436
121,-0.7346545457839966,0.09183704853057861
122,-0.8236956000328064,-0.014592766761779785
123,-0.7699459195137024,-0.09999418258666992
124,-0.665513277053833,-0.23085075616836548
125,-0.5332828760147095,-0.2524009346961975
126,-0.5565415024757385,-0.292974591255188
127,-0.6233096718788147,-0.35293591022491455
128,-0.5684603452682495,-0.5408053398132324
129,-0.6153731942176819,-0.37293797731399536
130,-0.7280397415161133,-0.3975054621696472
131,-0.783560574054718,-0.39367932081222534
132,-0.8426333665847778,-0.05298411846160889
133,-0.9424728155136108,-0.08836054801940918
134,-0.9906904101371765,0.2043156623840332
135,-1.1351773738861084,0.06550133228302002
136,-1.4158198833465576,0.24102699756622314
137,-1.5727405548095703,0.33204376697540283
138,-1.5294612646102905,0.5167727470397949
139,-1.7864965200424194,0.45499229431152344
140,-1.8796130418777466,0.2927970886230469
141,-1.9798403978347778,0.6537895202636719
142,-2.23350191116333,0.3306206464767456
143,-2.1091649532318115,0.5315511226654053
144,-2.3501510620117188,0.27077698707580566
145,-2.1854004859924316,0.23403024673461914
146,-2.1068735122680664,0.21305203437805176
147,-2.068394660949707,0.06444883346557617
148,-1.9135366678237915,0.018343687057495117
149,-1.7541868686676025,-0.14394259452819824
150,-1.8503847122192383,-0.1758112907409668
151,-1.5996159315109253,-0.42886924743652344
152,-1.6699715852737427,-0.3093501329421997
153,-1.646028995513916,-0.25485050678253174
154,-1.4642560482025146,-0.38784992694854736
155,-1.4446957111358643,-0.45682716369628906
156,-1.4638195037841797,-0.31263279914855957
157,-1.5395147800445557,-0.4517486095428467
158,-1.5161080360412598,0.02261805534362793
159,-1.69210684299469,-0.08676064014434814
160,-1.8818702697753906,0.1373211145401001
161,-2.1360013484954834,0.20299160480499268
162,-2.119164228439331,0.29938220977783203
163,-2.4642117023468018,0.2939412593841553
164,-2.600829839706421,0.5843582153320312
165,-2.600663423538208,0.3688054084777832
166,-2.589871883392334,0.5725069046020508
167,-2.4844305515289307,0.37247228622436523
168,-2.254655599594116,0.2061007022857666
169,-2.2325897216796875,0.12241005897521973
170,-1.993603229522705,-0.06001734733581543
171,-1.9169162511825562,-0.02649378776550293
172,-1.5461556911468506,-0.08673405647277832
173,-1.387187123298645,-0.19919657707214355
174,-1.3271682262420654,-0.3003103733062744
175,-1.2327717542648315,-0.6378512382507324
176,-1.1060211658477783,-0.350264310836792
177,-1.1225059032440186,-0.4316093921661377
178,-1.1076991558074951,-0.3274880647659302
179,-1.1463091373443604,-0.17407751083374023
180,-1.1852269172668457,-0.08454287052154541
181,-1.3751027584075928,-0.07489168643951416
182,-1.5407781600952148,0.392777681350708
183,-1.5828309059143066,0.31792712211608887
184,-1.7829604148864746,0.23656904697418213
185,-1.8331472873687744,0.2678288221359253
186,-1.8724477291107178,0.24557137489318848
187,-1.6458451747894287,0.14303171634674072
188,-1.7007771730422974,0.07278168201446533
189,-1.572060227394104,0.07180166244506836
190,-1.482222080230713,-0.08985459804534912
191,-1.5147364139556885,-0.07973992824554443
192,-1.2643487453460693,-0.3335179090499878
193,-1.3994594812393188,-0.3346412181854248
194,-1.5215448141098022,-0.30352699756622314
195,-1.5359655618667603,-0.08074712753295898
196,-1.556349754333496,0.03294062614440918
197,-1.6643624305725098,0.31332361698150635
198,-2.069549798965454,0.09521043300628662
199,-1.967423915863037,0.06183624267578125
200,-2.0218162536621094,0.35163414478302
201,-2.029005765914917,0.30988967418670654
202,-1.8633298873901367,0.18141460418701172
203,-1.6895219087600708,-0.07445645332336426
204,-1.7394438982009888,-0.09728264808654785
205,-1.5954142808914185,-0.188254714012146
206,-1.6702909469604492,0.003308415412902832
207,-1.548378825187683,-0.05387723445892334
208,-1.6500855684280396,-0.2884882688522339
209,-1.603796124458313,-0.31295204162597656
210,-1.7591055631637573,-0.14347290992736816
211,-1.8691645860671997,0.18709123134613037
212,-1.8432514667510986,0.18139958381652832
213,-1.9535893201828003,0.10196590423583984
214,-2.147094964981079,0.0866549015045166
215,-2.2506401538848877,0.056377410888671875
216,-2.0977089405059814,-0.08702373504638672
217,-2.1428444385528564,0.05685091018676758
218,-2.111327886581421,0.1773688793182373
219,-2.155306100845337,0.23235559463500977
220,-2.059018135070801,0.005709409713745117
221,-2.148756742477417,0.13682126998901367
222,-2.111135482788086,-0.14367437362670898
223,-2.129013776779175,0.02493762969970703
224,-1.8780674934387207,0.040349721908569336
225,-2.0750949382781982,0.045232534408569336
226,-2.0840165615081787,-0.13708972930908203
227,-2.007293462753296,0.022641897201538086
228,-2.064786195755005,-0.17495107650756836
229,-1.9686269760131836,-0.046959638595581055
230,-1.9192039966583252,-0.026129484176635742
231,-1.9093446731567383,-0.10072100162506104
232,-1.8890248537063599,-0.17132902145385742
233,-1.8673397302627563,-0.025985240936279297
234,-1.9469884634017944,0.0270003080368042
235,-1.9256607294082642,-0.17593836784362793
236,-1.8106094598770142,-0.07252883911132812
237,-1.8498923778533936,-0.050508737564086914
238,-1.8429455757141113,-0.12321639060974121
239,-2.0222551822662354,0.014231681823730469
240,-2.024292469024658,0.26534032821655273
241,-2.164299964904785,0.09721291065216064
242,-2.0846285820007324,0.338948130607605
243,-2.1519200801849365,0.04792141914367676
244,-2.133965015411377,0.2034473419189453
245,-2.064159870147705,0.3052999973297119
246,-1.8119211196899414,0.0376439094543457
247,-1.8744118213653564,-0.03383791446685791
248,-1.7777010202407837,-0.005262613296508789
249,-1.747408390045166,0.07816088199615479
250,-1.694051742553711,-0.01565837860107422
251,-1.4724278450012207,-0.22552025318145752
252,-1.5479316711425781,-0.21124327182769775
253,-1.4496209621429443,-0.21954345703125
254,-1.4725631475448608,-0.111611008644104
255,-1.3501312732696533,-0.2769094705581665
256,-1.4521338939666748,0.022686243057250977
257,-1.4680581092834473,-0.2862759828567505
258,-1.4671604633331299,0.13438940048217773
259,-1.5450266599655151,-0.21537113189697266
260,-1.5750794410705566,0.06855010986328125
261,-1.7606254816055298,0.020605087280273438
262,-1.7798727750778198,0.1821049451828003
263,-1.684406042098999,0.19663429260253906
264,-1.7485097646713257,0.1119612455368042
265,-1.9259828329086304,0.016241073608398438
266,-1.8914909362792969,0.04288935661315918
267,-1.7901283502578735,0.01669788360595703
268,-1.748289704322815,0.033421993255615234
269,-1.6976215839385986,-0.03643476963043213
270,-1.6595004796981812,-0.09379446506500244
271,-1.651231050491333,-0.11362171173095703
272,-1.5437037944793701,-0.18519127368927002
273,-1.5076069831848145,0.10120081901550293
274,-1.6355977058410645,0.03239178657531738
275,-1.385603666305542,-0.1016455888748169
276,-1.4596126079559326,-0.12442970275878906
277,-1.5794776678085327,-0.07983148097991943
278,-1.519360065460205,-0.1691528558731079
279,-1.805690884590149,-0.06347441673278809
280,-1.7183797359466553,-0.1168745756149292
281,-1.825015664100647,0.031302809715270996
282,-1.7584967613220215,0.11217772960662842
283,-1.9050586223602295,0.10584390163421631
284,-1.915740728378296,0.1828460693359375
285,-1.903165578842163,0.28501927852630615
286,-1.9629088640213013,0.30978643894195557
287,-1.9127545356750488,0.31779205799102783
288,-1.9428757429122925,0.09074091911315918
289,-2.013753652572632,0.13640260696411133
290,-1.9573160409927368,0.13281714916229248
291,-2.1057534217834473,0.0480499267578125
292,-1.8304513692855835,-0.12688279151916504
293,-1.6767834424972534,0.03349626064300537
294,-1.7466397285461426,-0.009324431419372559
295,-1.5114941596984863,-0.41717612743377686
296,-1.4268354177474976,-0.2400214672088623
297,-1.5423609018325806,-0.4445347785949707
298,-1.2419788837432861,-0.4652831554412842
299,-1.322855830192566,-0.3664282560348511
300,-1.254574179649353,-0.5218158960342407
301,-1.0184407234191895,0.01559293270111084
302,-1.2505398988723755,-0.22996902465820312
303,-1.289430856704712,0.10496032238006592
304,-1.3832823038101196,-0.04448401927947998
305,-1.6089563369750977,-0.0488048791885376
306,-1.380774974822998,0.14705264568328857
307,-1.6178762912750244,0.1212923526763916
308,-1.6952077150344849,0.20039153099060059
309,-1.5886707305908203,0.13865721225738525
310,-1.6214392185211182,0.0629880428314209
311,-1.7354103326797485,-0.003695368766784668
312,-1.5986968278884888,0.4800724983215332
313,-1.6215060949325562,-0.026538372039794922
314,-1.4531450271606445,-0.10616695880889893
315,-1.4493404626846313,0.11467111110687256
316,-1.4332506656646729,-0.21706831455230713
317,-1.4071458578109741,-0.4112398624420166
318,-1.2910863161087036,-0.3132815361022949
319,-0.9746527075767517,-0.4412587881088257
320,-1.1935100555419922,-0.20288896560668945
321,-0.9648573398590088,-0.28699564933776855
322,-0.967780351638794,-0.3591163158416748
323,-1.138140320777893,-0.1546081304550171
324,-1.0588757991790771,-0.17283987998962402
325,-1.0360217094421387,-0.14199340343475342
326,-1.2008106708526611,-0.21197831630706787
327,-1.2124658823013306,-0.16840744018554688
328,-1.3171519041061401,-0.1965019702911377
329,-1.3822084665298462,-0.10246264934539795
330,-1.4295121431350708,0.06340932846069336
331,-1.3591735363006592,-0.010517597198486328
332,-1.4691323041915894,0.04587125778198242
333,-1.3897452354431152,0.10352194309234619
334,-1.539276361465454,-0.07279372215270996
335,-1.3937469720840454,0.0626603364944458
336,-1.4085618257522583,-0.1399465799331665
337,-1.380286693572998,0.028463125228881836
338,-1.4897381067276,-0.28516173362731934
339,-1.4725127220153809,0.16253530979156494
340,-1.7562247514724731,0.026589035987854004
341,-1.68380606174469,-0.04562544822692871
342,-1.7971851825714111,-0.07049167156219482
343,-1.6228272914886475,-0.21494770050048828
344,-1.7259823083877563,-0.22200357913970947
345,-1.5738520622253418,-0.20688188076019287
346,-1.4841948747634888,-0.25691747665405273
347,-1.2713539600372314,-0.2737311124801636
348,-1.2708317041397095,-0.2838960886001587
349,-1.2454426288604736,-0.24103355407714844
350,-1.2259382009506226,-0.29058074951171875
351,-1.1905230283737183,-0.4233260154724121
352,-1.4773718118667603,-0.41237080097198486
353,-1.4019806385040283,-0.2593179941177368
354,-1.472991943359375,-0.0660179853439331
355,-1.4771143198013306,0.1474466323852539
356,-1.4204182624816895,0.17923247814178467
357,-1.4886670112609863,0.02889227867126465
358,-1.3647457361221313,0.11350369453430176
359,-1.4516663551330566,0.30780303478240967
360,-1.5485106706619263,-0.006543159484863281
361,-1.4553252458572388,0.09514594078063965
362,-1.5830601453781128,0.09311509132385254
363,-1.5401279926300049,-0.17292845249176025
364,-1.5180069208145142,0.05190885066986084
365,-1.4068917036056519,0.010492563247680664
366,-1.2305786609649658,-0.1343677043914795
367,-1.1255873441696167,-0.1914362907409668
368,-1.2780638933181763,-0.2403256893157959
369,-1.2368744611740112,-0.17370057106018066
370,-1.129332423210144,-0.22426366806030273
371,-1.3221842050552368,0.034628987312316895
372,-1.2752457857131958,-0.4846811294555664
373,-1.2639222145080566,-0.0918586254119873
374,-1.3741916418075562,-0.19097745418548584
375,-1.468207836151123,-0.0033593177795410156
376,-1.164251446723938,-0.029866337776184082
377,-1.4631465673446655,-0.07824051380157471
378,-1.4139268398284912,0.002831578254699707
379,-1.3570188283920288,-0.16812098026275635
380,-1.4433189630508423,0.01710832118988037
381,-1.2524559497833252,0.012853384017944336
382,-1.2062962055206299,-0.23309648036956787
383,-1.0777517557144165,-0.12082350254058838
384,-0.9881889224052429,-0.23909342288970947
385,-1.1392446756362915,-0.45689404010772705
386,-1.1250070333480835,-0.2907893657684326
387,-1.1832581758499146,-0.16170382499694824
388,-1.0347779989242554,-0.175895094871521
389,-1.1124153137207031,-0.2671487331390381
390,-0.9717190861701965,-0.21110093593597412
391,-1.0925085544586182,-0.25546932220458984
392,-1.3111233711242676,-0.2453557252883911
393,-1.2865653038024902,-0.0004754066467285156
394,-1.2577589750289917,-0.10956907272338867
395,-1.3316353559494019,-0.18485987186431885
396,-1.3835575580596924,-0.10859930515289307
397,-1.4033153057098389,0.1634753942489624
398,-1.4629722833633423,-0.03653073310852051
399,-1.5352510213851929,0.3037019968032837
400,-1.5096426010131836,0.276769757270813
401,-1.570640206336975,0.11229932308197021
402,-1.3559081554412842,-0.19451892375946045
403,-1.2233376502990723,-0.36661767959594727
404,-1.3011685609817505,-0.12812459468841553
405,-1.3655314445495605,-0.22343003749847412
406,-1.0304985046386719,-0.4890000820159912
407,-1.0248546600341797,-0.4202488660812378
408,-1.0105459690093994,-0.3769756555557251
409,-1.048990249633789,-0.29612481594085693
410,-0.902285635471344,-0.2798806428909302
411,-0.8409576416015625,-0.35482358932495117
412,-0.8579011559486389,-0.34476232528686523
413,-1.225059986114502,-0.14878594875335693
414,-1.0541703701019287,-0.41022825241088867
415,-0.9725761413574219,-0.16032040119171143
416,-1.1766666173934937,-0.06237173080444336
417,-1.147209882736206,0.00933837890625
418,-1.141450047492981,-0.20223462581634521
419,-1.0784574747085571,-0.012105584144592285
420,-0.9988078474998474,-0.03910243511199951
421,-1.1670540571212769,-0.08223748207092285
422,-0.9834833741188049,-0.0065392255783081055
423,-0.9101250171661377,-0.07541894912719727
424,-0.7834793329238892,-0.09753537178039551
425,-0.8113111853599548,-0.14982891082763672
426,-0.8704742789268494,-0.34391582012176514
427,-0.9191919565200806,-0.2946658134460449
428,-0.7310906052589417,-0.39096182584762573
429,-0.7281222343444824,-0.5213215947151184
430,-1.0988874435424805,-0.33143186569213867
431,-0.850690484046936,-0.4285098910331726
432,-1.0002466440200806,-0.2891303300857544
433,-0.6662432551383972,-0.12707769870758057
434,-1.042267084121704,-0.08215546607971191
435,-1.1221232414245605,-0.16343164443969727
436,-1.0334925651550293,0.04954493045806885
437,-1.3024190664291382,-0.1702038049697876
438,-1.356836199760437,0.00991523265838623
439,-1.3542181253433228,0.07646560668945312
440,-1.41618812084198,-0.1572256088256836
441,-1.4071643352508545,-0.2714139223098755
442,-1.1298025846481323,-0.23216032981872559
443,-1.2420443296432495,-0.2192685604095459
444,-1.3818798065185547,-0.206931471824646
445,-1.4221906661987305,-0.2766280174255371
446,-1.3359705209732056,0.01148080825805664
447,-1.0334805250167847,0.11572015285491943
448,-1.265420913696289,0.014918804168701172
449,-1.2658771276474,-0.024300575256347656
450,-1.0517730712890625,-0.5884329080581665
451,-1.400833010673523,-0.3428853750228882
452,-1.0687141418457031,-0.1122969388961792
453,-1.0890361070632935,-0.4198594093322754
454,-1.0919827222824097,-0.4440103769302368
455,-1.0285041332244873,-0.36538398265838623
456,-0.6628061532974243,-0.3120774030685425
457,-0.7641928195953369,-0.32349228858947754
458,-0.6573565602302551,-0.3917871117591858
459,-0.8063988089561462,-0.3914204239845276
460,-0.5504634976387024,-0.25460660457611084
461,-0.7847614884376526,-0.3407084345817566
462,-0.8844999074935913,-0.4339801073074341
463,-0.7617213726043701,0.013699114322662354
464,-0.6355603337287903,0.2210192084312439
465,-0.8178225755691528,0.08176767826080322
466,-0.7588797807693481,0.24342888593673706
467,-0.5360087156295776,-0.12049496173858643
468,-0.6745896935462952,-0.1377745270729065
469,-0.5679230093955994,-0.13279718160629272
470,-0.4971226155757904,-0.121701180934906
471,-0.3598138093948364,-0.08206665515899658
472,-0.4411100745201111,-0.5582003593444824
473,-0.32919755578041077,-0.3980215787887573
474,-0.18139155209064484,-0.09271222352981567
475,-0.3437953293323517,-0.3740108013153076
476,-0.1969221830368042,-0.37453609704971313
477,-0.06697940081357956,-0.5789322853088379
478,-0.2756054401397705,-0.2938665449619293
479,-0.4160833954811096,-0.510317325592041
480,-0.2628989517688751,-0.4402327239513397
481,-0.45927268266677856,-0.22262787818908691
482,-0.4077252745628357,-0.08196502923965454
483,-0.7215429544448853,-0.022189199924468994
484,-0.5391126871109009,-0.01721268892288208
485,-0.6268452405929565,-0.07340019941329956
486,-0.5638121962547302,-0.06350111961364746
487,-0.6587418913841248,-0.2649967670440674
488,-0.8722790479660034,-0.3089051842689514
489,-0.7139577269554138,0.004614591598510742
490,-0.9391431212425232,-0.3111642003059387
491,-0.8932571411132812,-0.6148094534873962
492,-0.9663354754447937,-0.37273073196411133
493,-0.8759976625442505,-0.3862130641937256
494,-0.8185526728630066,-0.10495877265930176
495,-0.9010922312736511,-0.23160231113433838
496,-1.0252063274383545,-0.13472259044647217
497,-1.0030951499938965,-0.09620106220245361
498,-0.8604025840759277,-0.17955875396728516
499,-0.9277868866920471,-0.19413352012634277
500,-0.8664084672927856,-0.6310537457466125
501,-0.883036732673645,-0.3163541555404663
502,-0.8092676997184753,-0.38673901557922363
503,-0.9503078460693359,-0.35321253538131714
504,-0.9346947073936462,-0.16662132740020752
505,-0.766684889793396,-0.23499155044555664
506,-0.8129703402519226,-0.059905290603637695
507,-0.8299071788787842,-0.06877505779266357
508,-0.9477930665016174,-0.01548612117767334
509,-0.823607325553894,0.04265516996383667
510,-0.826980710029602,-0.3001183271408081
511,-0.7953028678894043,0.0783226490020752
512,-0.47371527552604675,-0.17381805181503296
513,-0.5071654319763184,-0.10582929849624634
514,-0.4292859733104706,-0.018741071224212646
515,-0.1885547637939453,-0.39848455786705017
516,-0.03346748277544975,-0.33517545461654663
517,-0.0709485113620758,-0.30854299664497375
518,-0.03597744554281235,-0.27721863985061646
519,-0.3062569200992584,-0.18724693357944489
520,0.01033869944512844,-0.25513333082199097
521,-0.07985185086727142,-0.3330158293247223
522,-0.17368249595165253,-0.21846643090248108
523,-0.26887086033821106,-0.15648424625396729
524,-0.21747513115406036,-0.16833063960075378
525,-0.32566365599632263,-0.08143216371536255
526,-0.20869098603725433,0.04062792658805847
527,-0.45063579082489014,-0.2527335286140442
528,-0.2398751676082611,-0.28787314891815186
529,-0.4707796275615692,0.07515913248062134
530,-0.27870243787765503,-0.372958242893219
531,-0.5289768576622009,-0.2202172875404358
532,-0.6462855339050293,0.020009934902191162
533,-0.6729806065559387,-0.37264007329940796
534,-0.5328769087791443,-0.2509937286376953
535,-0.5883423089981079,-0.12150001525878906
536,-0.5585257411003113,-0.09979373216629028
537,-0.7944849133491516,-0.3422814607620239
538,-0.8243008255958557,0.2666476368904114
539,-0.7041516900062561,-0.20262902975082397
540,-0.7379664778709412,-0.3401123285293579
541,-0.6443186402320862,-0.17161071300506592
542,-0.9359399080276489,-0.027500927448272705
543,-1.031598687171936,0.20049405097961426
544,-0.9688159823417664,-0.013772010803222656
545,-1.0551766157150269,0.07685017585754395
546,-0.9888721704483032,-0.08996176719665527
547,-1.1435319185256958,0.11867547035217285
548,-1.1738618612289429,0.025523781776428223
549,-1.2786778211593628,-0.016048550605773926
550,-1.2747735977172852,-0.15252459049224854
551,-1.190964698791504,-0.04179179668426514
552,-0.9501289129257202,-0.021313905715942383
553,-1.0502269268035889,-0.1543574333190918
554,-0.8393181562423706,-0.23042118549346924
555,-0.7538262605667114,-0.03375828266143799
556,-0.8105779886245728,-0.4829675555229187
557,-0.7198175191879272,-0.23211735486984253
558,-0.8771968483924866,-0.3420201539993286
559,-0.6100223660469055,-0.2570990324020386
560,-0.6926144361495972,-0.14918267726898193
561,-0.4620119631290436,-0.3220568299293518
562,-0.41621917486190796,-0.02982121706008911
563,-0.4658921957015991,-0.13080203533172607
564,-0.643792450428009,-0.22850269079208374
565,-0.5982186198234558,-0.21542418003082275
566,-0.5693753957748413,-0.21425694227218628
567,-0.5756043791770935,0.024013102054595947
568,-0.716133177280426,-0.1064266562461853
569,-0.4493473172187805,0.09243226051330566
570,-0.7323621511459351,0.17114460468292236
571,-0.7834233045578003,0.4033043384552002
572,-0.6090412735939026,0.22972804307937622
573,-0.6841019988059998,-0.04883211851119995
574,-0.8553898334503174,0.20929443836212158
575,-0.6203238368034363,0.08579277992248535
576,-0.46028760075569153,0.0053195953369140625
577,-0.7245524525642395,0.2429707646369934
578,-0.4779371917247772,-0.19960659742355347
579,-0.6697989702224731,0.18914711475372314
580,-0.6935638785362244,-0.13272786140441895
581,-0.3203183710575104,-0.16415470838546753
582,-0.6045287251472473,-0.0930706262588501
583,-0.2701958119869232,-0.08689385652542114
584,-0.4285951852798462,0.09241670370101929
585,-0.1733519583940506,-0.047489941120147705
586,-0.19063103199005127,-0.2846428453922272
587,-0.3493887782096863,-0.07360437512397766
588,-0.1294853538274765,0.12212443351745605
589,-0.43919637799263,0.2843807339668274
590,-0.402858704328537,-0.09882807731628418
591,-0.49670159816741943,0.2761232256889343
592,-0.3514587879180908,-0.06234461069107056
593,-0.6054326295852661,-0.08179908990859985
594,-0.5178356766700745,-0.25745531916618347
595,-0.4326620101928711,-0.03513723611831665
596,-0.3914918005466461,-0.2610958218574524
597,-0.4997067153453827,-0.16040003299713135
598,-0.48867738246917725,-0.0037348270416259766
599,-0.6256844401359558,-0.13665926456451416
600,-0.7329521179199219,0.17562609910964966
601,-0.6887373924255371,0.06030142307281494
602,-0.8050892353057861,0.042036592960357666
603,-0.9706975817680359,0.20975404977798462
604,-1.0377570390701294,0.027128517627716064
605,-0.8646798729896545,0.003934979438781738
606,-0.8490764498710632,0.06944048404693604
607,-0.8056305646896362,0.08386313915252686
608,-0.8241721987724304,0.11038172245025635
609,-0.7944236993789673,-0.4586779475212097
610,-0.9213880896568298,-0.08525264263153076
611,-0.7766332626342773,0.464341402053833
612,-0.8536189198493958,0.11179178953170776
613,-0.60587078332901,0.2640836238861084
614,-0.6217128038406372,-0.23389536142349243
615,-0.867400050163269,-0.1759810447692871
616,-0.9372497200965881,-0.04229813814163208
617,-0.8657692074775696,0.028179407119750977
618,-1.1625553369522095,0.06085604429244995
619,-0.9854594469070435,-0.07987189292907715
620,-0.7375226616859436,0.3192782402038574
621,-1.0992974042892456,0.37815797328948975
622,-1.1818790435791016,0.363946795463562
623,-1.0673805475234985,-0.09632766246795654
624,-1.0284713506698608,0.3850681781768799
625,-0.9282895922660828,0.0557711124420166
626,-0.9633221626281738,-0.25330406427383423
627,-0.6994897723197937,-0.09028542041778564
628,-1.2541338205337524,0.030875563621520996
629,-1.0557875633239746,-0.1681886911392212
630,-1.0671252012252808,0.004173636436462402
631,-1.0418415069580078,0.11127352714538574
632,-0.8817375898361206,0.43381989002227783
633,-0.8540892004966736,0.12264382839202881
634,-0.5023967027664185,0.03670996427536011
635,-0.7135475277900696,0.41853249073028564
636,-0.8706104755401611,0.010154008865356445
637,-0.8657207489013672,-0.08854669332504272
638,-0.6718682646751404,-0.13942301273345947
639,-0.8240233659744263,-0.14243924617767334
640,-0.4585082232952118,0.6077421307563782
641,-0.3979857563972473,0.3523061275482178
642,-0.44706812500953674,-0.2211552858352661
643,-0.2870559096336365,-0.329304039478302
644,-0.3485889136791229,0.03672003746032715
645,-0.5166992545127869,-0.38709554076194763
646,-0.34542787075042725,-0.08963042497634888
647,-0.36985597014427185,-0.04296422004699707
648,-0.7868506908416748,0.1913354992866516
649,-0.6724699139595032,-0.4182117283344269
650,-0.472009539604187,0.04481762647628784
651,-0.6679654121398926,0.1768326759338379
652,-0.4386868476867676,0.3160877823829651
653,-0.5379873514175415,-0.15882021188735962
654,-0.5172128677368164,0.3292105495929718
655,-0.721924901008606,0.08292585611343384
656,-0.8355281352996826,0.20125001668930054
657,-0.5858484506607056,0.21578305959701538
658,-0.723545253276825,0.051154762506484985
659,-0.6113271117210388,-0.005733847618103027
660,-0.2844166159629822,-0.030457019805908203
661,-0.10900423675775528,-0.2451750636100769
662,-0.46091845631599426,0.22976356744766235
663,-0.4626316726207733,-0.1493735909461975
664,-0.5214449167251587,0.054013580083847046
665,-0.2802536189556122,0.25087878108024597
666,-0.485560804605484,-0.011146128177642822
667,-0.39254656434059143,0.05158275365829468
668,-0.45392823219299316,0.24617528915405273
669,-0.6099170446395874,0.4338013827800751
670,-0.7306508421897888,0.17829632759094238
671,-0.5865373015403748,0.2947578430175781
672,-0.7488936185836792,0.5599396228790283
673,-0.8155744671821594,0.12897515296936035
674,-0.7359892129898071,0.26719969511032104
675,-0.7935575842857361,0.0805671215057373
676,-0.6176820993423462,0.3779224753379822
677,-0.590705156326294,0.26063501834869385
678,-0.3991539478302002,-0.23658066987991333
679,-0.3974759876728058,0.1403963565826416
680,-0.25674474239349365,0.260309636592865
681,-0.25121229887008667,0.006156325340270996
682,-0.17164359986782074,0.05371689796447754
683,-0.18067696690559387,-0.31726303696632385
684,-0.02924158051609993,-0.3484165072441101
685,-0.22158566117286682,-0.012030422687530518
686,-0.08926039934158325,-0.08258777856826782
687,-0.2704259753227234,0.1349611133337021
688,-0.0390121154487133,0.2231416553258896
689,-0.14667227864265442,-0.05079549551010132
690,-0.4994238317012787,0.014244943857192993
691,-0.4348805248737335,0.4783516526222229
692,-0.5392821431159973,0.5977193117141724
693,-0.5659899115562439,0.45294374227523804
694,-0.5408788323402405,0.4266055226325989
695,-0.2142123281955719,-0.0096513032913208
696,-0.3527699410915375,-0.26136839389801025
697,-0.07697128504514694,0.0751110315322876
698,-0.35356974601745605,-0.12454426288604736
699,-0.17774154245853424,-0.27271828055381775
700,-0.12663903832435608,-0.4500351846218109
701,-0.14479908347129822,-0.17644259333610535
702,-0.17419862747192383,-0.13650867342948914
703,-0.006472109351307154,0.15105852484703064
704,-0.028319101780653,-0.010207787156105042
705,-0.41477498412132263,-0.2437625527381897
706,-0.053466711193323135,0.3133988082408905
707,-0.6288723945617676,0.0191534161567688
708,-0.41075432300567627,0.17570486664772034
709,-0.4231773316860199,0.03170204162597656
710,-0.35781607031822205,-0.0034725964069366455
711,-0.2543438971042633,0.24110651016235352
712,-0.2926563322544098,0.05220693349838257
713,-0.18429692089557648,0.1938730776309967
714,-0.5377765893936157,0.2838299870491028
715,-0.5813891291618347,0.011281192302703857
716,-0.29980984330177307,0.4272404909133911
717,-0.4535963237285614,0.18675053119659424
718,-0.3756657540798187,-0.05074256658554077
719,-0.5756232738494873,0.1166234016418457
720,-0.2382364720106125,-0.2040233016014099
721,-0.31736084818840027,-0.01576906442642212
722,-0.08197440207004547,0.046395182609558105
723,-0.31043222546577454,-0.2665615379810333
724,-0.45499518513679504,-0.05732828378677368
725,-0.2780773341655731,0.03775876760482788
726,-0.24708731472492218,0.16139280796051025
727,-0.19212491810321808,-0.04572701454162598
728,-0.36069437861442566,-0.1557462215423584
729,-0.3245715796947479,0.04791685938835144
730,-0.30265939235687256,-0.02864593267440796
731,-0.09736501425504684,-0.07420802116394043
732,-0.5089042782783508,-0.10456755757331848
733,-0.297518789768219,0.24729183316230774
734,-0.23769201338291168,0.07330763339996338
735,-0.19812791049480438,-0.11767032742500305
736,0.003711320925503969,0.03884005546569824
737,-0.43799662590026855,0.13607141375541687
738,-0.039740074425935745,0.04069875180721283
739,0.1470307558774948,-0.16937440633773804
740,0.12026564031839371,0.18982183933258057
741,0.08032213896512985,-0.07658343762159348
742,0.25819599628448486,0.1572204828262329
743,0.35653266310691833,0.05764591321349144
744,0.2323327660560608,-0.4259243607521057
745,0.2994193434715271,0.18845172226428986
746,0.33019742369651794,0.2820751667022705
747,0.2939886152744293,0.1962476670742035
748,0.23202893137931824,-0.20383994281291962
749,-0.11035633832216263,-0.09263888001441956
750,0.17026367783546448,0.20453961193561554
751,0.29620859026908875,0.10034383833408356
752,-0.009430112317204475,0.437164843082428
753,0.04904855787754059,-0.008220478892326355
754,0.08689429610967636,-0.4792708158493042
755,-0.1025363951921463,-0.061953991651535034
756,-0.1362297534942627,0.0767768919467926
757,-0.17048999667167664,-0.07340199500322342
758,-0.06936844438314438,0.1300368309020996
759,-0.22172121703624725,-0.14892339706420898
760,0.1150064468383789,-0.12745516002178192
761,0.20403780043125153,-0.3924573063850403
762,-0.2665576934814453,-0.23064503073692322
763,-0.09009376913309097,-0.22071994841098785
764,-0.16922567784786224,-0.1864650845527649
765,-0.11180520802736282,-0.051836371421813965
766,-0.4500856399536133,0.0031810402870178223
767,-0.13303154706954956,0.08401072025299072
768,-0.12898269295692444,0.2963508069515228
769,-0.33809342980384827,0.18493831157684326
770,-0.5035830736160278,0.05493134260177612
771,-0.5485879182815552,-0.08203038573265076
772,-0.48919644951820374,0.07096213102340698
773,-0.4214552938938141,0.0015556514263153076
774,-0.3386703431606293,0.07700788974761963
775,-0.5647358298301697,0.16932567954063416
776,-0.22959960997104645,-0.02693694829940796
777,0.09998124837875366,0.10492834448814392
778,0.018480798229575157,-0.2576844096183777
779,-0.06184452027082443,0.10509021580219269
780,-0.05571983754634857,-0.392196923494339
781,-0.18815714120864868,0.11872336268424988
782,-0.08899704366922379,0.0395200252532959
783,-0.13281239569187164,0.04051056504249573
784,-0.05848594382405281,-0.006022825837135315
785,-0.07773063331842422,0.1853606104850769
786,0.039776455610990524,0.07465463876724243
787,-0.16199788451194763,-0.060115352272987366
788,-0.11685377359390259,0.08374808728694916
789,0.18157263100147247,0.07953178882598877
790,0.2376282811164856,0.11957738548517227
791,0.0043914904817938805,-0.4183536767959595
792,0.17544639110565186,-0.16196277737617493
793,0.43597641587257385,0.281744122505188
794,0.1245603933930397,-0.20620392262935638
795,0.10935273766517639,-0.31851714849472046
796,0.35716548562049866,-0.16063764691352844
797,0.06413149833679199,-0.05932196229696274
798,0.38297155499458313,0.08835888653993607
799,-0.16535747051239014,-0.12538069486618042
800,0.04625985026359558,-0.02367120236158371
801,0.08773214370012283,0.3194258511066437
802,0.017478065565228462,0.11784012615680695
803,-0.4306047260761261,0.03943611681461334
804,-0.4458882212638855,0.1895616352558136
805,-0.4377298057079315,0.1246812641620636
806,-0.26099783182144165,0.14346569776535034
807,-0.19170157611370087,0.11957740783691406
808,-0.03415221348404884,0.109487384557724
809,-0.3484037518501282,0.11915722489356995
810,-0.0751321017742157,-0.16025036573410034
811,0.18987929821014404,0.0238436758518219
812,0.02004183642566204,0.13872507214546204
813,0.21679726243019104,-0.20836953818798065
814,0.10899242758750916,-0.4103009104728699
815,0.14446479082107544,-0.24104081094264984
816,0.30666786432266235,-0.1264808624982834
817,0.0037448478396981955,-0.6384174227714539
818,0.19193850457668304,-0.048376161605119705
819,-0.14763206243515015,-0.11284246295690536
820,-0.13275770843029022,0.04277120530605316
821,-0.14204451441764832,0.07332073152065277
822,-0.18463844060897827,0.013060808181762695
823,-0.4577796459197998,0.10819175839424133
824,-0.5264884829521179,0.10723471641540527
825,-0.528783917427063,0.22919347882270813
826,-0.5569226741790771,0.24995702505111694
827,-0.7246729135513306,0.24675318598747253
828,-0.08128786832094193,-0.028984904289245605
829,-0.5242272019386292,0.2297292947769165
830,-0.4314567446708679,-0.16862884163856506
831,-0.05806592106819153,-0.2958102226257324
832,-0.3011818528175354,-0.8552837371826172
833,-0.32781925797462463,-0.06826293468475342
834,-0.1058952733874321,0.22805923223495483
835,0.0016422782791778445,-0.13326558470726013
836,-0.09350509196519852,-0.2775472402572632
837,-0.24900192022323608,-0.38264912366867065
838,-0.10790199041366577,0.27700328826904297
839,-0.2623951733112335,0.04146859049797058
840,-0.3123920261859894,0.2605549693107605
841,-0.07964912801980972,0.21377401053905487
842,-0.38273924589157104,0.009070813655853271
843,-0.3292345702648163,0.46222400665283203
844,-0.5347122550010681,0.0447235107421875
845,-0.20925171673297882,0.016706466674804688
846,-0.18118032813072205,-0.15964579582214355
847,-0.1259988248348236,-0.2282429039478302
848,-0.29978320002555847,0.11862871050834656
849,-0.5786807537078857,-0.23598822951316833
850,-0.14974674582481384,0.041344404220581055
851,-0.2356177121400833,0.0829302966594696
852,-0.2379228174686432,-0.3143840432167053
853,-0.35749325156211853,-0.017042607069015503
854,0.05335656926035881,-0.08970636129379272
855,-0.2308247685432434,-0.35886451601982117
856,-0.5124185085296631,-0.17655304074287415
857,-0.21951133012771606,-0.18193522095680237
858,-0.21890661120414734,-0.12325403094291687
859,-0.5148401260375977,-0.3253152668476105
860,-0.24850820004940033,-0.08458021283149719
861,-0.3640912175178528,0.0015572309494018555
862,-0.7963134050369263,0.37452858686447144
863,-0.6413998007774353,0.01965463161468506
864,-0.9041936993598938,-0.0765988826751709
865,-0.7799046635627747,-0.1308445930480957
866,-0.767915666103363,-0.2938820719718933
867,-0.6927435994148254,-0.35989469289779663
868,-0.9727463126182556,0.07130718231201172
869,-1.0376391410827637,-0.22925978899002075
870,-0.7567017674446106,0.22144049406051636
871,-0.8609806895256042,0.11217057704925537
872,-1.1205313205718994,-0.013336777687072754
873,-1.0807952880859375,0.42176103591918945
874,-0.8070820569992065,-0.0855831503868103
875,-0.9460885524749756,0.05749785900115967
876,-0.9612385034561157,-0.3225861191749573
877,-0.6560134291648865,0.17708194255828857
878,-0.8049339056015015,0.5433045625686646
879,-0.3272073268890381,0.04068678617477417
880,-0.25616610050201416,0.17436575889587402
881,-0.6599617600440979,-0.03541883826255798
882,-0.5344547033309937,0.039021313190460205
883,-0.49079403281211853,-0.34635308384895325
884,-0.5110793709754944,-0.17655837535858154
885,-0.5488861799240112,0.2064017653465271
886,-0.46810945868492126,-0.1709892749786377
887,-0.5108479261398315,-0.30238616466522217
888,-0.5326011776924133,0.0503619909286499
889,-0.5441468358039856,-0.22361841797828674
890,-0.5856589078903198,0.017167508602142334
891,-0.5310086607933044,0.18691134452819824
892,-0.5946363210678101,-0.2843036651611328
893,-0.5972192883491516,-0.0012256503105163574
894,-0.8340470194816589,-0.07816004753112793
895,-0.7285119295120239,0.17777419090270996
896,-0.9662742614746094,-0.16447758674621582
897,-0.5269661545753479,0.006094217300415039
898,-0.6024680137634277,-0.34315669536590576
899,-0.5343450903892517,0.18157953023910522
900,-0.9710840582847595,0.20525336265563965
901,-0.7063528299331665,0.12230128049850464
902,-0.8151811361312866,0.3061566948890686
903,-0.8716408610343933,0.19080054759979248
904,-1.2987004518508911,0.0916140079498291
905,-1.1912130117416382,-0.02778106927871704
906,-1.1206483840942383,0.18393492698669434
907,-1.1037945747375488,-0.0567166805267334
908,-1.0577020645141602,-0.3508110046386719
909,-0.9546586275100708,0.3006361722946167
910,-1.1204081773757935,0.10078036785125732
911,-0.9102891087532043,-0.09432363510131836
912,-0.804671585559845,0.09066128730773926
913,-0.9760287404060364,0.043454766273498535
914,-0.6763944029808044,-0.13119804859161377
915,-0.9265856742858887,-0.8693790435791016
916,-0.908657968044281,-0.09949779510498047
917,-0.6778576374053955,-0.2344399094581604
918,-0.6787129044532776,-0.002931952476501465
919,-0.5248484015464783,-0.06572163105010986
920,-0.6403586864471436,-0.4267474412918091
921,-0.38494575023651123,-0.6730942726135254
922,-0.8201068639755249,-0.7731962203979492
923,-0.5591044425964355,-0.19254755973815918
924,-0.7218909859657288,-0.05391252040863037
925,-0.9056320786476135,-0.2541292905807495
926,-0.7149876356124878,0.18970805406570435
927,-0.9360612630844116,-0.20506978034973145
928,-1.0253932476043701,0.5253069400787354
929,-1.429753303527832,0.24778258800506592
930,-1.58059823513031,0.544302761554718
931,-1.3042194843292236,0.3327884078025818
932,-1.3992863893508911,0.6017640829086304
933,-1.656267523765564,0.6765917539596558
934,-1.8360759019851685,0.6575542688369751
935,-2.190383195877075,0.4255281686782837
936,-1.7011381387710571,0.19442272186279297
937,-1.9217618703842163,0.02554929256439209
938,-1.9426013231277466,0.05655181407928467
939,-1.974642276763916,0.29593098163604736
940,-1.0270872116088867,-0.17173385620117188
941,-1.3886890411376953,-0.04475963115692139
942,-1.1438795328140259,-0.25821852684020996
943,-1.3807244300842285,-0.09861564636230469
944,-1.4135361909866333,-0.5985788106918335
945,-1.0842249393463135,-0.7271878123283386
946,-0.7490531206130981,0.2934011220932007
947,-0.9981579780578613,-0.3278329372406006
948,-0.8578445911407471,-0.08942043781280518
949,-1.0580872297286987,-0.36878395080566406
950,-0.9891223311424255,0.15266728401184082
951,-0.8918724656105042,0.37273669242858887
952,-1.2268084287643433,-0.5240333080291748
953,-0.6589380502700806,-0.07804381847381592
954,-0.710814893245697,0.07571971416473389
955,-0.9748261570930481,-0.19629132747650146
956,-0.8812845945358276,0.5351922512054443
957,-0.9395265579223633,0.34075242280960083
958,-1.0554563999176025,0.13118290901184082
959,-1.1177805662155151,0.11131453514099121
960,-1.1490719318389893,-0.03161764144897461
961,-1.2098817825317383,-0.07274317741394043
962,-1.1229634284973145,0.24192941188812256
963,-0.8669112324714661,0.298244833946228
964,-1.0072224140167236,0.3955608010292053
965,-0.734919548034668,-0.008606255054473877
966,-0.905102550983429,0.2768107056617737
967,-0.800048291683197,-0.22673684358596802
968,-0.6918609142303467,-0.25253117084503174
969,-0.7671130895614624,-0.046003520488739014
970,-0.8997423052787781,0.034594178199768066
971,-0.9390971064567566,0.16659533977508545
972,-1.2129114866256714,-0.1484915018081665
973,-1.06487238407135,0.31310057640075684
974,-1.1738446950912476,-0.10454869270324707
975,-1.0897599458694458,0.5165432095527649
976,-0.9247949719429016,0.32385241985321045
977,-1.0577441453933716,0.16707324981689453
978,-1.074023723602295,0.05363476276397705
979,-1.116041660308838,-0.3355165719985962
980,-0.884375274181366,-0.013908863067626953
981,-0.9596253037452698,0.1924114227294922
982,-0.8940085172653198,0.16107332706451416
983,-0.9003098607063293,-0.0423969030380249
984,-0.6630152463912964,-0.3479306697845459
985,-0.8988644480705261,-0.2005831003189087
986,-1.0021297931671143,-0.1935054063796997
987,-0.9057363271713257,-0.14661836624145508
988,-1.0446836948394775,-0.18174874782562256
989,-0.912316620349884,0.024625778198242188
990,-0.8178093433380127,0.24212682247161865
991,-0.7926944494247437,-0.17844516038894653
992,-0.883083701133728,-0.3631923794746399
993,-1.1541893482208252,0.07665884494781494
994,-1.2738460302352905,-0.05868566036224365
995,-0.7253589034080505,-0.03383004665374756
996,-0.8223292231559753,0.13656306266784668
997,-0.9693247675895691,-0.08807682991027832
998,-0.9747251272201538,0.11070674657821655
999,-0.8980448842048645,0.0017892122268676758
